Date,Open,High,Low,Close,Volume,Dividends,Stock Splits
2017-02-21,49.62576675765588,49.76025334452055,49.15506003914491,49.327972412109375,2037000,0.0,0
2017-02-22,49.2895533099939,49.68340848043301,49.17427594463254,49.3183708190918,1632400,0.0,0
2017-02-23,49.41442757755763,49.568127054296355,49.18388019469183,49.4432487487793,1006900,0.0,0
2017-02-24,49.356800480408175,49.78908147322071,49.3087700733146,49.7026252746582,1612700,0.0,0
2017-02-27,49.702625967554155,49.8947475986068,49.43364908800705,49.62577438354492,1195100,0.0,0
2017-02-28,49.49129504018667,49.61617705028885,49.21271350399173,49.27995681762695,1417800,0.0,0
2017-03-01,49.587343136893104,50.202141083397834,49.587343136893104,49.990806579589844,2026600,0.0,0
2017-03-02,49.99080324809291,50.02922903330988,49.30876205067225,49.35679244995117,1706400,0.0,0
2017-03-03,49.356801902599635,49.990812822165005,49.135859092014684,49.93317413330078,1824400,0.0,0
2017-03-06,49.60655679566128,49.779469178842454,49.1646712228582,49.23191452026367,1883700,0.0,0
2017-03-07,49.04940547108933,49.42404780720078,48.85728016258756,49.19349670410156,2233600,0.0,0
2017-03-08,49.24152522522015,49.539319625192846,48.943734489732776,49.3856201171875,1517600,0.0,0
2017-03-09,49.39522646645398,49.548929644337946,49.11664861775293,49.40483474731445,1259400,0.0,0
2017-03-10,49.654588261797805,50.29820740507961,49.45285836526311,50.09647750854492,1860500,0.0,0
2017-03-13,50.086868264392336,50.39426724304458,49.942777054421846,50.38466262817383,1376200,0.0,0
2017-03-14,50.1637220493098,50.20214417496886,49.91395807785816,50.15411376953125,1203400,0.0,0
2017-03-15,51.210806759071936,52.661345687200765,50.932225245989,51.969696044921875,4118000,0.0,0
2017-03-16,51.32607819898563,51.92166332867769,50.74970596566883,50.96104049682617,2676900,0.0,0
2017-03-17,50.97064068635974,51.42213085381202,50.83615043308138,51.21079635620117,1936900,0.0,0
2017-03-20,51.21079404916962,51.51819299955964,50.9129997127673,51.05709457397461,1221400,0.0,0
2017-03-21,51.18197263982311,51.614253556946856,50.41347526742785,50.586387634277344,1492700,0.0,0
2017-03-22,50.71127948297419,51.36450329290472,50.57679287466237,51.03789138793945,1257100,0.0,0
2017-03-23,50.95143182707216,51.66229061397302,50.644032838495846,51.08591842651367,1717900,0.0,0
2017-03-24,51.92166216890023,51.92166216890023,50.75930944779991,50.98986053466797,2015300,0.0,0
2017-03-27,50.52875684383656,51.23961931455842,50.35584444999841,51.143558502197266,1446500,0.0,0
2017-03-28,51.19158688773181,51.49898587253589,51.00906622117098,51.33567810058594,1312700,0.0,0
2017-03-29,51.162768771356205,51.31646827294421,50.70167026659217,51.028282165527344,1469900,0.0,0
2017-03-30,51.03789617453655,51.32608231430166,50.81695334523378,51.22041320800781,1627400,0.0,0
2017-03-31,51.10677523848469,51.260856193579926,50.85639506404733,50.9141731262207,1705600,0.132,0
2017-04-03,50.94306659011366,51.2415963786712,50.77935350649648,51.23196792602539,1550200,0.0,0
2017-04-04,51.23196183785211,51.270482991017275,50.5385957751966,50.67341613769531,2017100,0.0,0
2017-04-05,50.76972963075605,51.25123312520987,50.75046905014829,50.76009750366211,1778300,0.0,0
2017-04-06,50.750457407435796,51.26084981892158,50.3267320784324,51.18381118774414,1548200,0.0,0
2017-04-07,51.10677173730782,51.10677173730782,50.75046024185615,50.88528060913086,1243600,0.0,0
2017-04-10,50.9430673383696,51.28974674240785,50.73120464125191,50.76972579956055,1025200,0.0,0
2017-04-11,50.750456592106396,50.94305867732467,50.43266260045936,50.875648498535156,1520700,0.0,0
2017-04-12,50.89490409122105,51.068245596099196,50.528964179659745,50.60600280761719,1258200,0.0,0
2017-04-13,50.49044899499402,50.788982438355134,50.37488920261341,50.39414978027344,864000,0.0,0
2017-04-17,50.683055557224655,51.723101127314855,50.49045343725836,51.48234939575195,1569200,0.0,0
2017-04-18,51.05862411126042,51.617166179287395,50.73120163221716,51.06825256347656,1241000,0.0,0
2017-04-19,51.37641795448623,51.443828145317255,50.99121738882034,51.10677719116211,2095700,0.0,0
2017-04-20,51.357149041144126,51.42455921621426,50.83712454182107,51.164546966552734,1570000,0.0,0
2017-04-21,51.28973768734516,51.41492959295604,50.88527661725044,51.29936981201172,2189400,0.0,0
2017-04-24,51.934954597049256,52.51275718068446,51.91569402111752,52.42608642578125,2257700,0.0,0
2017-04-25,52.72462412078747,53.14834580493165,52.49350086443094,52.782405853271484,2181900,0.0,0
2017-04-26,52.965379484095436,53.2831735243183,52.7824094956391,52.80167007446289,1835000,0.0,0
2017-04-27,52.89796361236876,53.45650564393744,52.801664402174666,53.37946701049805,1529000,0.0,0
2017-04-28,53.26390692463317,53.302424404347015,52.81129255738631,53.01352310180664,3078200,0.0,0
2017-05-01,53.4468812969424,53.91875627972289,53.312060922885024,53.735782623291016,1897000,0.0,0
2017-05-02,53.78393104691653,53.89949451377319,53.45650857131518,53.8609733581543,1693100,0.0,0
2017-05-03,53.620219482751025,54.17876152237372,53.55280929992724,54.082462310791016,1702600,0.0,0
2017-05-04,54.12098226236419,54.65063526145982,54.08246110915521,54.60248565673828,2615600,0.0,0
2017-05-05,54.746931154285356,54.85286248240295,54.496551020754,54.544700622558594,1571500,0.0,0
2017-05-08,54.55434342399018,54.71805283688147,53.860977266850945,54.236549377441406,2190000,0.0,0
2017-05-09,54.332835828844054,54.78545014987526,54.20764760379291,54.76618957519531,1559200,0.0,0
2017-05-10,54.74693081437071,54.833601566512506,54.00541886930982,54.18838882446289,1566300,0.0,0
2017-05-11,54.053584039515954,54.294335789965416,53.73578996560418,54.14988327026367,1347600,0.0,0
2017-05-12,54.082462310791016,54.31358556160073,53.88986021404616,54.082462310791016,1578300,0.0,0
2017-05-15,53.9957903512247,54.66026371297238,53.938008621411235,54.60248565673828,1472200,0.0,0
2017-05-16,56.22034006610377,56.22034006610377,54.36173658033016,54.72768020629883,1032600,0.0,0
2017-05-17,54.72767087044684,54.72767087044684,53.6105796055695,53.70688247680664,1839700,0.0,0
2017-05-18,53.83207737787945,54.18838883740119,53.54317242161841,53.7839241027832,1935000,0.0,0
2017-05-19,54.01505245410099,54.2365435809421,53.79356132725989,54.05357360839844,1654400,0.0,0
2017-05-22,54.42914233531912,54.42914233531912,53.78392589800009,54.00542068481445,4264800,0.0,0
2017-05-23,57.58780595546717,57.76114747350457,55.85439444867252,56.4899787902832,7510600,0.0,0
2017-05-24,56.335903869112926,57.14482981520235,55.92181060661596,57.03889846801758,4060100,0.0,0
2017-05-25,57.3277991278162,57.491512209782215,56.74036433569184,57.10630798339844,2772200,0.0,0
2017-05-26,57.038895784722584,57.51077076173447,56.855925804107166,57.308536529541016,1534400,0.0,0
2017-05-30,57.33742878865025,58.24265390607714,57.21223686942134,58.136722564697266,2576400,0.0,0
2017-05-31,57.250754589447226,58.56044441594885,57.250754589447226,58.10783004760742,2552400,0.0,0
2017-06-01,57.79004749227767,58.5219348573075,57.597449034345715,58.48341369628906,2100400,0.0,0
2017-06-02,58.55081175312599,58.88786633179243,58.51229060009337,58.56044387817383,1665500,0.0,0
2017-06-05,58.55081177683402,58.58933292988224,58.09820108604514,58.165611267089844,1473300,0.0,0
2017-06-06,57.91521487026976,58.310047419332555,57.87669372558594,57.87669372558594,1968000,0.0,0
2017-06-07,58.0307926604592,58.52192822382356,57.76115191105426,58.387107849121094,1617500,0.0,0
2017-06-08,58.38710474244937,58.483403955375884,57.50113655449152,57.924861907958984,3486600,0.0,0
2017-06-09,58.078943977427784,58.21376434756736,56.94259560970908,57.01963424682617,2352300,0.0,0
2017-06-12,56.95221858368338,57.2122308469054,55.96995125825995,56.807769775390625,2579600,0.0,0
2017-06-13,56.884809408186314,57.43372297125243,56.749989048637346,57.087039947509766,1527000,0.0,0
2017-06-14,57.33742673838076,57.568546317145575,56.86555178190177,57.183345794677734,1202800,0.0,0
2017-06-15,57.02926637245304,57.09667655752283,56.64406216612889,57.01963424682617,1091800,0.0,0
2017-06-16,57.1737161571318,57.578180947939074,57.0485279105116,57.308536529541016,2157500,0.0,0
2017-06-19,57.37595204158958,58.425626020883136,57.37595204158958,58.31006622314453,2383700,0.0,0
2017-06-20,58.310053091527266,58.66636453056695,58.06930142420173,58.09819412231445,1821700,0.0,0
2017-06-21,58.07893854299767,58.29079753043075,57.46261113583271,57.57817459106445,2247900,0.0,0
2017-06-22,57.72261960674941,58.550805946926864,57.40482930969235,58.367835998535156,3473200,0.0,0
2017-06-23,58.34858716381229,58.34858716381229,57.29890951483267,57.558921813964844,2879800,0.0,0
2017-06-26,57.57818364081209,57.73226459842593,56.96185981035676,57.04853057861328,1535500,0.0,0
2017-06-27,56.94258347688742,57.36630507469748,56.663310670486375,56.70183181762695,1060300,0.0,0
2017-06-28,57.077410480444556,57.491503676592316,57.01000030186973,57.20260238647461,1191500,0.0,0
2017-06-29,57.281744341038305,57.55198928486916,56.45171708157238,56.750911712646484,1356800,0.132,0
2017-06-30,56.943950450486085,57.494086626399,56.78952632534845,57.24314880371094,1593800,0.0,0
2017-07-03,57.51338106120428,57.88978957694605,57.06941223144531,57.06941223144531,1489600,0.0,0
2017-07-05,57.12732498984346,57.957356000130524,57.12732498984346,57.68711471557617,1639000,0.0,0
2017-07-06,57.387918676382,57.68711702609468,57.01151010588763,57.15628433227539,2249500,0.0,0
2017-07-07,57.45547694899723,57.976659727272526,57.26244956305354,57.55199432373047,965400,0.0,0
2017-07-10,57.40721294289447,57.95734902409808,57.31069926195945,57.77397155761719,1146000,0.0,0
2017-07-11,57.899445611893604,58.063519615253796,57.387912764643474,57.716064453125,2976000,0.0,0
2017-07-12,58.22759287729826,58.86459273222631,58.063515204640574,58.613651275634766,1439400,0.0,0
2017-07-13,59.115539056509824,59.17344948142785,58.55574932758638,59.0576286315918,2059600,0.0,0
2017-07-14,59.144491137534324,59.511249790489586,58.79703595913053,59.376129150390625,1285500,0.0,0
2017-07-17,59.45333954828201,59.68497756184525,59.26031216570085,59.40508270263672,1332700,0.0,0
2017-07-18,59.28925788189967,59.39542513766885,58.8259855963476,59.07692337036133,1520100,0.0,0
2017-07-19,59.183105956584335,59.491954226954675,59.03833171907745,59.24101638793945,1512200,0.0,0
2017-07-20,59.3085724262313,59.40508612307897,58.69087593017853,58.854949951171875,2009400,0.0,0
2017-07-21,58.710174684236975,59.45333819007179,58.64261068376348,59.231353759765625,1283200,0.0,0
2017-07-24,59.24100580726627,59.43403686221209,59.11553506928731,59.3568229675293,973800,0.0,0
2017-07-25,59.42438374843072,59.51124753974644,58.27585466926614,58.43027877807617,1692000,0.0,0
2017-07-26,58.468885949155066,58.69087037630773,57.32035318384025,57.63885498046875,2520700,0.0,0
2017-07-27,57.73537512076347,58.140740754343824,57.52304056594702,57.82223892211914,1945000,0.0,0
2017-07-28,57.822231367385285,58.13107958035048,57.53268662795055,57.98630905151367,1236400,0.0,0
2017-07-31,58.217942423113456,58.50748715783712,57.67745621833786,57.70641326904297,1038700,0.0,0
2017-08-01,57.94769839174189,58.18898627277169,57.72571398300576,57.85118103027344,1323600,0.0,0
2017-08-02,57.90909982080428,58.22760163706418,57.445827464049216,58.10213088989258,1121500,0.0,0
2017-08-03,58.0538701710371,58.33376133669772,57.88014258862089,58.26620101928711,982900,0.0,0
2017-08-04,58.41097349538159,58.62330801908025,57.91874413258216,58.03456497192383,778800,0.0,0
2017-08-07,58.06352628628835,58.76808658743737,57.9187520581809,58.748783111572266,975700,0.0,0
2017-08-08,58.55574532162175,58.85494364058714,57.98630941681078,58.04421615600586,1162300,0.0,0
2017-08-09,57.976658795145,58.13108291047401,57.31070548811889,57.600250244140625,1965000,0.0,0
2017-08-10,57.28174389166008,57.426518099068026,56.191125274428074,56.528926849365234,2471500,0.0,0
2017-08-11,56.654400805946516,57.61955242553074,56.64474722796437,57.262447357177734,1511600,0.0,0
2017-08-14,57.71606691342115,57.94770492530157,57.47477900518631,57.54233932495117,2409800,0.0,0
2017-08-15,57.61955149633332,57.793279079597774,57.0501119026912,57.31070327758789,2933300,0.0,0
2017-08-16,59.98417903035049,60.244766746805254,58.64261508803079,59.974525451660156,6892000,0.0,0
2017-08-17,59.839400369209535,59.906960687988715,58.661914216038916,58.73912811279297,3501600,0.0,0
2017-08-18,58.64261361439997,59.56916201202845,58.179341256466444,59.11553955078125,2357900,0.0,0
2017-08-21,58.96110902734048,59.83939680085681,58.83563829347786,59.58845901489258,1486100,0.0,0
2017-08-22,59.713930015908026,60.82385585751218,59.69462654159407,60.76594543457031,1666400,0.0,0
2017-08-23,60.5343084648187,61.161654784721314,60.41848762398899,60.58256530761719,1445700,0.0,0
2017-08-24,60.67907830945398,60.94932325325028,60.17719905013063,60.49570083618164,1584500,0.0,0
2017-08-25,60.86245861750355,60.93966882768439,60.48604641692853,60.70803451538086,1352800,0.0,0
2017-08-28,60.90106473098882,61.364340740792436,60.77559767335482,61.24851989746094,1290400,0.0,0
2017-08-29,60.84315830407988,61.41259790055829,60.823854830091996,61.2774772644043,1206600,0.0,0
2017-08-30,61.19061146725878,61.70214062501186,61.180957889700565,61.673187255859375,1072500,0.0,0
2017-08-31,61.7697082864748,62.570785958060554,61.67319458998179,62.46461868286133,1930100,0.0,0
2017-09-01,62.638338476750796,62.90857973866635,61.9723815359431,62.13645553588867,1224600,0.0,0
2017-09-05,61.78899603484861,62.23297220650656,61.58631878442901,62.049591064453125,910200,0.0,0
2017-09-06,62.31018565501824,62.55147355778831,61.81796363510342,62.454959869384766,974500,0.0,0
2017-09-07,62.59008118980664,62.97614331116194,62.24262601693912,62.86997604370117,1075800,0.0,0
2017-09-08,62.87963627145208,63.39116550684685,62.570788014410525,62.7541618347168,1587700,0.0,0
2017-09-11,63.21743592451158,63.96059948855951,63.1016150704228,63.80617904663086,1770000,0.0,0
2017-09-12,63.96059202412719,64.10536623396172,63.59383707426559,63.83512496948242,1081900,0.0,0
2017-09-13,63.61314544005785,63.9123400794935,63.13056964044044,63.159523010253906,2042600,0.0,0
2017-09-14,63.03403133927529,63.574521094127,62.889264529826036,63.39113998413086,1481000,0.0,0
2017-09-15,63.39114717091331,63.825462375540894,63.3332404405686,63.6613883972168,2296000,0.0,0
2017-09-18,63.78687552483028,63.98956387191897,63.41046693199151,63.77722930908203,1562000,0.0,0
2017-09-19,63.9413000542832,64.13432744866047,63.70001212955005,63.86408615112305,1238000,0.0,0
2017-09-20,63.999211245143975,64.04747177885191,63.478028407897334,63.7868766784668,1186000,0.0,0
2017-09-21,63.5841881552945,63.83512964649195,63.342900242399224,63.62279510498047,874800,0.0,0
2017-09-22,63.55523121571421,63.96059311937448,63.420110581160785,63.4876708984375,1296200,0.0,0
2017-09-25,63.506974087723414,63.603487768730766,62.19436740816221,62.47426223754883,1841800,0.0,0
2017-09-26,62.39705249932274,62.63834039965769,61.68283869435637,61.87586975097656,1615200,0.0,0
2017-09-27,62.03030111530948,62.406717080642025,61.81797391093607,62.146121978759766,1272500,0.0,0
2017-09-28,62.01098809305262,62.368096823211296,61.74074683283398,61.750396728515625,1126200,0.0,0
2017-09-29,61.76970683396512,62.039948123200055,61.49946554473018,61.96273422241211,1672800,0.0,0
2017-10-02,62.17743740781314,62.9318054990755,62.10006442955717,62.738380432128906,1693900,0.132,0
2017-10-03,62.92213933570056,63.61848146344434,62.92213933570056,63.009185791015625,1216400,0.0,0
2017-10-04,63.00918398434113,63.70552609211856,63.00918398434113,63.666839599609375,745600,0.0,0
2017-10-05,63.686179681165456,63.82157871671605,63.367021649355905,63.541107177734375,1974100,0.0,0
2017-10-06,63.52177243010667,64.19876765911712,63.502432871575486,64.17942810058594,1405100,0.0,0
2017-10-09,64.30515661414431,64.57595471811396,63.85059949161172,64.37285614013672,1542300,0.0,0
2017-10-10,64.48891015888975,64.66299569362172,64.04402654317349,64.41153717041016,1143100,0.0,0
2017-10-11,64.48890373177642,64.76937525304182,64.16007225285736,64.43087768554688,1794800,0.0,0
2017-10-12,64.45988650051608,65.37866660640626,64.35350050357809,65.32064056396484,1455000,0.0,0
2017-10-13,65.40768060545709,65.59143958085951,64.69199901610567,64.78871154785156,943100,0.0,0
2017-10-16,64.99181363109219,65.15623306061119,64.57594308102621,64.71134948730469,1473400,0.0,0
2017-10-17,64.48889600033647,64.48889600033647,63.821567033927145,63.94729995727539,1711800,0.0,0
2017-10-18,64.1987491155183,64.3921815384308,63.898938083369465,64.25678253173828,1150500,0.0,0
2017-10-19,64.25680580216728,64.76938899580426,63.88928775488406,64.68234252929688,1359100,0.0,0
2017-10-20,64.98214272003219,65.31096679728034,64.86608325698946,65.04016876220703,1506100,0.0,0
2017-10-23,65.23360435097567,65.45604984637154,64.73069468733759,64.81773376464844,1267600,0.0,0
2017-10-24,65.09819854212843,65.33031748154147,64.68232799904689,65.10787200927734,1975700,0.0,0
2017-10-25,65.66880343322893,66.26842547395347,64.82738902869626,65.1755599975586,1795000,0.0,0
2017-10-26,65.31096850634023,65.60111348219306,64.99181050864077,65.48505401611328,1417900,0.0,0
2017-10-27,65.58176527869193,65.77519771841295,65.1949151566361,65.73651123046875,1441000,0.0,0
2017-10-30,65.5720885910657,65.69781412254113,64.89508622951851,65.27227020263672,846600,0.0,0
2017-10-31,65.51408408208889,65.92995472036768,65.3206589669944,65.7945556640625,1614400,0.0,0
2017-11-01,65.95895949568045,66.19107845918073,65.61078842912424,65.78487396240234,1357300,0.0,0
2017-11-02,65.84289041005319,66.13302797155326,65.58175848814155,65.89124298095703,1856900,0.0,0
2017-11-03,65.85257709608052,66.41352022061616,65.77521148269551,66.12338256835938,1072300,0.0,0
2017-11-06,66.02664694709598,66.20073244855496,65.63979683602527,65.9782943725586,995700,0.0,0
2017-11-07,66.07501610609422,66.38450066528483,65.80421803913917,66.00731658935547,956500,0.0,0
2017-11-08,65.86224425685222,66.08468974310304,65.54308622911171,65.87191772460938,977600,0.0,0
2017-11-09,65.68816272821935,65.7461961596,64.71135640742676,65.2529525756836,1665000,0.0,0
2017-11-10,65.13687284194405,65.35931827257848,64.50823041139505,64.61461639404297,1704300,0.0,0
2017-11-13,64.26646242024142,65.17557655643354,64.07303733448288,64.92411804199219,1536400,0.0,0
2017-11-14,64.77904017861738,65.57209468018861,64.69199374205735,65.2432632446289,2426200,0.0,0
2017-11-15,65.07886600871511,65.33999062036402,64.71135538302924,65.09820556640625,2042300,0.0,0
2017-11-16,65.2819721197453,66.68432264343215,65.23361215188227,66.4812240600586,2300400,0.0,0
2017-11-17,66.278097828076,66.81969382447302,66.04598631229042,66.52955627441406,1823100,0.0,0
2017-11-20,67.00345446406527,67.92224184252807,66.68429651011424,67.6611099243164,4143500,0.0,0
2017-11-21,67.74818439791783,68.48320575048626,65.4753986748455,67.61278533935547,5330000,0.0,0
2017-11-22,66.86807913704104,67.09052465062203,66.05568483428226,66.43286895751953,3041600,0.0,0
2017-11-24,66.5779240568575,67.10985408821945,66.51989800932482,67.08084106445312,1015400,0.0,0
2017-11-27,66.9454392648214,67.20656384660921,66.89707930808238,67.03247833251953,1439300,0.0,0
2017-11-28,67.27427817142046,68.59926306365732,67.13887911717086,68.27043151855469,2473400,0.0,0
2017-11-29,68.18339052324605,68.51221468044987,66.20074997499286,66.43286895751953,1904000,0.0,0
2017-11-30,66.7036505182252,67.30327262766293,65.96862201320896,66.96477508544922,1922500,0.0,0
2017-12-01,66.91643910307447,67.69982037769111,65.02084501794249,66.43286895751953,2516500,0.0,0
2017-12-04,66.67463703998297,66.8970751181865,64.0053284506897,64.0633544921875,2899400,0.0,0
2017-12-05,64.02467674260491,64.79839183540071,63.57012705768339,63.666839599609375,2384000,0.0,0
2017-12-06,63.715180049666074,64.07302450322094,63.44438203235648,63.724853515625,1690100,0.0,0
2017-12-07,63.744198644069236,64.68231821215227,63.60879226055284,64.51790618896484,2294500,0.0,0
2017-12-08,64.74036453211059,65.33032061873514,64.45989300087156,65.16590118408203,2195600,0.0,0
2017-12-11,65.214271508053,65.52375611262535,64.29549116348682,64.79840087890625,2438600,0.0,0
2017-12-12,64.79838112570093,64.9531270701617,64.31481111730018,64.85640716552734,2181000,0.0,0
2017-12-13,65.02083690557332,65.43670747401198,64.45022036809054,64.48890686035156,1684600,0.0,0
2017-12-14,64.48892076051908,64.88544447894837,64.18910960424115,64.32450866699219,1774600,0.0,0
2017-12-15,64.79839531073786,65.6301364975593,64.49858420107934,65.38835144042969,2871900,0.0,0
2017-12-18,65.65913699160835,66.25876647516982,65.26261341052043,65.43669891357422,2306300,0.0,0
2017-12-19,65.70750165848935,65.81388766124735,65.2722841802902,65.52374267578125,1469400,0.0,0
2017-12-20,65.58175761218578,65.90091556639608,64.95312254798594,65.18523406982422,1363000,0.0,0
2017-12-21,65.29163395993325,65.63980500618793,65.05951500996758,65.30130004882812,1502200,0.0,0
2017-12-22,65.1949200222737,65.32064558345571,64.66298999670819,65.13688659667969,1221300,0.0,0
2017-12-26,65.09819480438186,65.23359382191852,64.84674370249553,65.04016876220703,532700,0.0,0
2017-12-27,65.00147742927928,65.24326242524238,64.94345139142973,65.0885238647461,1038600,0.0,0
2017-12-28,65.22393071341584,65.26261720286392,64.81772626355759,65.23359680175781,607000,0.0,0
2017-12-29,65.42648337436825,65.50402764798926,64.87399336611918,64.91276550292969,1064900,0.149,0
2018-01-02,65.3489512905334,65.80451473924865,65.27140700244776,65.52342224121094,1047800,0.0,0
2018-01-03,65.54280695338196,67.35535832858554,65.52341718534151,67.19058227539062,1698900,0.0,0
2018-01-04,67.40382002019422,67.67521759104739,66.66716418857195,66.68655395507812,2230700,0.0,0
2018-01-05,66.61870453660981,67.94661513563214,66.61870453660981,67.75276184082031,1632500,0.0,0
2018-01-08,67.58797791050061,68.16954512207307,67.41350700752604,67.89814758300781,1613400,0.0,0
2018-01-09,68.5088021852803,70.10811780007623,68.01446665451878,69.56531524658203,2666100,0.0,0
2018-01-10,69.25513923120332,69.25513923120332,67.95630596439237,68.61541748046875,2957200,0.0,0
2018-01-11,68.74142345637554,68.99343864824856,68.14047382310083,68.62511444091797,1511100,0.0,0
2018-01-12,68.55727652450256,69.6525618418743,68.3343385491813,69.52655792236328,1448100,0.0,0
2018-01-16,69.80765710350906,70.24383825756216,68.87714766124013,69.04193115234375,1702700,0.0,0
2018-01-17,69.51686813824846,70.08874065533024,69.39085681446176,69.84642028808594,1824500,0.0,0
2018-01-18,69.98210722739337,70.27289457675727,69.46838931920938,69.97241973876953,1828300,0.0,0
2018-01-19,70.25352875141326,70.97079501507912,69.84642488741204,70.82540130615234,2266100,0.0,0
2018-01-22,70.92231134578853,71.29064297468267,70.36982129747683,71.22279357910156,1963700,0.0,0
2018-01-23,71.77529856587483,71.80437582788575,70.99987040210564,71.18403625488281,1213400,0.0,0
2018-01-24,71.39728459647009,71.59113795408835,70.80602224219336,71.31974029541016,1754300,0.0,0
2018-01-25,71.89157737453132,72.20174703056772,71.38755445660765,71.59110260009766,1664100,0.0,0
2018-01-26,72.01760629210422,72.53132421747374,71.3294100352559,72.5216293334961,2386900,0.0,0
2018-01-29,72.19207991914638,72.69610297932314,72.0176089761948,72.24053955078125,1321900,0.0,0
2018-01-30,71.717122193198,71.80436135667988,70.68968636904609,70.74784088134766,1817000,0.0,0
2018-01-31,71.50387611821826,72.10483316853586,70.9901582277185,71.17432403564453,2032800,0.0,0
2018-02-01,70.93200515146074,71.51357244689318,70.28258846147834,70.59275817871094,2008200,0.0,0
2018-02-02,70.09842527985671,70.5249114301889,69.0322172990559,69.06129455566406,1955700,0.0,0
2018-02-05,68.68326861842307,69.28422564383739,66.08559462361148,66.1243667602539,2860700,0.0,0
2018-02-06,64.90308562358098,66.71564461457848,64.09858023760101,66.3473129272461,4121200,0.0,0
2018-02-07,66.09529536162512,66.957955142009,65.82389777611507,65.96928405761719,1988100,0.0,0
2018-02-08,65.99835477189129,66.06621155657213,63.032356602776865,63.0517463684082,4163400,0.0,0
2018-02-09,64.36030024416762,65.45558579889341,63.28439706778603,64.9224853515625,4517000,0.0,0
2018-02-12,65.38770745008763,66.92886837016317,65.30047569358847,66.32791137695312,4227600,0.0,0
2018-02-13,65.88206272743733,66.38608583824056,65.58158783801795,66.24069213867188,1825500,0.0,0
2018-02-14,65.71727792205962,67.7430723764993,65.54280698476096,67.55890655517578,3637800,0.0,0
2018-02-15,72.63793931955611,72.6863989450908,69.03221188247227,69.80763244628906,4899100,0.0,0
2018-02-16,69.7591781616211,70.46674938783876,69.41993117678868,69.7591781616211,2887100,0.0,0
2018-02-20,69.30361125380746,69.64285822149856,68.52818327477412,68.89651489257812,2580400,0.0,0
2018-02-21,68.93529064535213,70.46674952194292,68.78989696728163,69.06129455566406,1995600,0.0,0
2018-02-22,69.51685778631723,69.55562992670635,68.34402827090754,68.50880432128906,2403400,0.0,0
2018-02-23,68.96437167084159,69.17761475766135,67.90785112115188,68.52819061279297,4227000,0.0,0
2018-02-26,68.81896154192891,69.02250969570588,67.85937527554375,68.411865234375,5947400,0.0,0
2018-02-27,68.57665150407432,68.74142754913571,66.88040924072266,66.88040924072266,3370500,0.0,0
2018-02-28,67.28749925186341,67.8496841236952,66.46361170936713,66.48299407958984,3289200,0.0,0
2018-03-01,66.36669352463069,66.68655813677782,64.73830060237127,65.31017303466797,2401800,0.0,0
2018-03-02,64.76736612566486,65.60094850598998,64.60259010502645,65.43617248535156,2057300,0.0,0
2018-03-05,65.1841805499805,65.7657479680745,64.46691431416558,65.47496795654297,1890900,0.0,0
2018-03-06,65.6978813870735,66.31822079023333,65.37801680246731,66.01774597167969,2944600,0.0,0
2018-03-07,65.29079176532294,67.7139951194545,65.2326372512333,67.55890655517578,3125800,0.0,0
2018-03-08,67.5782807847371,68.11138096305078,67.06456297498674,67.70428466796875,2453400,0.0,0
2018-03-09,68.11138675263477,69.30360588389054,67.84968408213061,68.9449691772461,2061200,0.0,0
2018-03-12,69.01281802872575,69.33268259743183,68.49910017930434,68.53787231445312,2049400,0.0,0
2018-03-13,68.81897404937237,69.32299708437164,68.25678910627461,68.50880432128906,1728100,0.0,0
2018-03-14,68.88683088441769,68.97407005847036,67.54922517419722,67.77215576171875,1866300,0.0,0
2018-03-15,67.93692312960003,68.48942057277401,67.72368745428788,68.02416229248047,2530400,0.0,0
2018-03-16,67.77214421228982,68.17924056841217,66.92887424532626,67.75276184082031,3378100,0.0,0
2018-03-19,67.64615731178557,68.15018044199081,66.93857855733,67.20997619628906,2639400,0.0,0
2018-03-20,67.6267404036594,67.91752769730545,67.31657074145005,67.70428466796875,2379100,0.0,0
2018-03-21,67.73338603223577,67.93693425224242,67.22936292484275,67.26813507080078,1583200,0.0,0
2018-03-22,66.58961933551525,67.0742599635613,65.26170874748772,65.39740753173828,1690000,0.0,0
2018-03-23,65.50402755906623,65.64942122315102,63.91440692713813,64.03071594238281,2594100,0.0,0
2018-03-26,65.13570670435924,66.1922272690009,64.61230125934173,66.10498809814453,2263800,0.0,0
2018-03-27,66.3763961671763,66.52178246693758,64.4959878099382,64.94185638427734,2104500,0.0,0
2018-03-28,65.15509330641811,65.31017447646994,63.788403057997925,64.36028289794922,2267800,0.0,0
2018-03-29,64.69952363042393,65.50402884512981,64.0791842201765,64.84491729736328,2711300,0.0,0
2018-04-02,64.74680749485756,65.05766958285244,61.910186309693756,62.5901985168457,3085800,0.149,0
2018-04-03,63.08562488225431,63.998777913859776,62.774762856520155,63.55191421508789,2286100,0.0,0
2018-04-04,62.31819220074334,63.77535955970911,61.83246974775475,63.5810661315918,5084100,0.0,0
2018-04-05,63.940498448486906,64.41650434021257,63.62963639918135,63.80449676513672,2120200,0.0,0
2018-04-06,63.15363171314371,63.68792193320952,61.57017557154775,61.83246612548828,3578600,0.0,0
2018-04-09,63.06618935704347,64.35821261163797,62.250179350900645,63.32848358154297,2639800,0.0,0
2018-04-10,64.25136858803224,64.88280928968676,64.01822387458051,64.73709106445312,1872800,0.0,0
2018-04-11,64.09594932098167,64.69824052420469,63.9405145514159,64.1930923461914,1391400,0.0,0
2018-04-12,64.6593732395397,65.70853556007731,64.55251370254773,65.28109741210938,2180900,0.0,0
2018-04-13,65.57252953651853,65.73767338769365,64.97023104151152,65.29080963134766,2043900,0.0,0
2018-04-16,65.89311618790549,66.41769737776075,65.56282103360974,66.22340393066406,2887800,0.0,0
2018-04-17,66.6411069291113,66.88396811136865,66.12624240857131,66.48567962646484,2682600,0.0,0
2018-04-18,67.14625859587915,68.28284708672078,66.68967841283985,67.56398010253906,2678300,0.0,0
2018-04-19,67.49599770442556,67.60284982923102,65.43653176310164,66.02911376953125,2435100,0.0,0
2018-04-20,66.09712264141417,66.31084174003865,65.39768101374774,65.6211166381836,1917200,0.0,0
2018-04-23,65.77655324586041,66.70913974341767,65.60169281434726,66.12627410888672,2260600,0.0,0
2018-04-24,64.49422982624269,65.9708303050228,64.15422557505542,64.73709106445312,3701600,0.0,0
2018-04-25,64.78565923470262,65.1645221322067,63.05648859244582,63.92107391357422,4451600,0.0,0
2018-04-26,64.32908950599865,64.85367069880931,64.0182274004298,64.47480773925781,1978600,0.0,0
2018-04-27,64.44566684386358,64.65938595989222,64.0765203598839,64.38738250732422,1189200,0.0,0
2018-04-30,64.59137672723776,64.75652801192997,63.85308385494366,63.86279296875,2277700,0.0,0
2018-05-01,63.755936295075756,64.45537792056103,63.61993458029113,64.34851837158203,3135100,0.0,0
2018-05-02,64.11536532886613,64.95080856092277,63.891929734068206,64.02793884277344,2240500,0.0,0
2018-05-03,63.89193248570972,64.56223188743472,63.00792141604198,64.4456558227539,2365900,0.0,0
2018-05-04,64.14451204625709,65.32967612992472,63.6685060723624,65.0868148803711,1330800,0.0,0
2018-05-07,65.24223955999264,66.03882403902276,65.15480566965947,65.46566772460938,1468700,0.0,0
2018-05-08,65.16453098218062,65.51425176760849,64.93137885087071,65.44625091552734,1916100,0.0,0
2018-05-09,65.45594101340839,66.45653527697253,65.23251288356576,66.18452453613281,2108500,0.0,0
2018-05-10,66.17483246041787,66.91312528386068,66.17483246041787,66.8936996459961,1844900,0.0,0
2018-05-11,67.21427992457303,67.61256850873946,66.94227651850093,67.46685028076172,1524200,0.0,0
2018-05-14,67.73885144736663,68.43828550124236,67.02969345839763,67.23369598388672,3322600,0.0,0
2018-05-15,60.074151852332285,62.26961566246813,58.96670527606574,60.71530532836914,14451200,0.0,0
2018-05-16,60.72501845697833,61.191315265358874,59.889578964236264,60.171295166015625,5872500,0.0,0
2018-05-17,60.21015820148199,62.08504727153359,59.99643912434602,61.77418518066406,5211300,0.0,0
2018-05-18,61.81303796307818,62.75533696472903,61.69646191081302,62.483333587646484,4163500,0.0,0
2018-05-21,62.901059924206535,64.10564957571009,62.833059074804,63.678218841552734,4527300,0.0,0
2018-05-22,63.7462282544427,64.00851516264831,62.84278404156472,62.988494873046875,3415500,0.0,0
2018-05-23,62.376481499163496,63.1439239254885,62.376481499163496,62.68734359741211,3222400,0.0,0
2018-05-24,62.77476967237951,63.14391605191462,62.240472033479634,62.28904724121094,1525800,0.0,0
2018-05-25,62.11418316219682,62.279330715789364,61.045595295960084,61.346744537353516,1742000,0.0,0
2018-05-29,60.84160339368581,60.880458378582816,59.54957972231626,60.0838737487793,3559200,0.0,0
2018-05-30,60.46273221511893,61.25931673677053,60.22958380854784,60.899879455566406,1731500,0.0,0
2018-05-31,60.86102109694884,61.03588146572689,60.083862255371734,60.15186309814453,2510400,0.0,0
2018-06-01,60.68616296048822,61.424459440222826,60.65701709410776,60.987308502197266,2277900,0.0,0
2018-06-04,61.36617273959564,61.696464154824056,60.967880477623275,61.5701789855957,1958000,0.0,0
2018-06-05,61.64788873326393,62.04618096992584,61.28845517963441,61.7061767578125,1889500,0.0,0
2018-06-06,61.92960081497238,63.32848358154297,61.259305293168985,63.32848358154297,3177600,0.0,0
2018-06-07,63.54222337906185,64.20279888864017,62.94964131402252,63.36736297607422,2977200,0.0,0
2018-06-08,63.48392312713748,64.47480108175449,63.28963711054489,63.85307693481445,3853800,0.0,0
2018-06-11,63.804498591355724,64.84394429330379,63.717064700107564,64.24164581298828,3316700,0.0,0
2018-06-12,64.08620435298758,64.64964402529749,63.75590932001697,64.42620849609375,2007000,0.0,0
2018-06-13,64.69822285850042,64.77594022206274,64.08621529640239,64.36793518066406,4357700,0.0,0
2018-06-14,64.55251323418634,64.55251323418634,63.83364605453155,64.41651153564453,3487900,0.0,0
2018-06-15,64.22222017689764,64.34850534032711,63.328492686005774,64.24164581298828,4113200,0.0,0
2018-06-18,63.610215587697255,63.66849991025723,62.68733848179112,63.114776611328125,2563100,0.0,0
2018-06-19,62.38618888780716,62.60961705082337,61.395314705089454,61.7061767578125,4621400,0.0,0
2018-06-20,61.72560819173182,61.75475035210999,60.84159350450242,60.99702453613281,4942100,0.0,0
2018-06-21,61.01645915655984,61.414751441177664,60.49187798976512,61.239891052246094,4319400,0.0,0
2018-06-22,61.76446687608144,61.87132269939076,60.93873650960838,60.99702453613281,2893800,0.0,0
2018-06-25,60.676457498346174,60.89988941723346,59.063858848568074,59.45243835449219,2426800,0.0,0
2018-06-26,59.481571799599834,60.540446906940126,59.27756925649522,60.21015548706055,3655600,0.0,0
2018-06-27,60.48215942980055,61.20103030519325,59.35528346447534,59.394142150878906,2025800,0.0,0
2018-06-28,59.384428733449624,59.879864009911024,58.69470002692927,59.539859771728516,1564100,0.0,0
2018-06-29,59.91871905661082,60.686161382773975,59.8118595294529,60.07415008544922,1913800,0.0,0
2018-07-02,59.751837740606604,59.86869166230971,59.19677696911785,59.85895538330078,1526500,0.149,0
2018-07-03,60.30689270589881,60.46269915807536,59.45969535435873,59.64471435546875,864400,0.0,0
2018-07-05,59.86868495213415,60.26793921169666,59.31362424285747,60.1802978515625,2247500,0.0,0
2018-07-06,60.2971576056279,60.764580714803174,60.03423721445563,60.65746307373047,2269700,0.0,0
2018-07-09,60.793783665278426,61.66045722113345,60.793783665278426,61.4656982421875,1508600,0.0,0
2018-07-10,61.709152724955636,62.06945817520546,61.4170160822355,62.00128936767578,1924400,0.0,0
2018-07-11,60.94959270906742,61.621507314678574,60.94959270906742,61.21251678466797,1780500,0.0,0
2018-07-12,61.67019444361142,62.10839748316225,61.63124190662785,61.78704833984375,1748100,0.0,0
2018-07-13,61.855217502819436,62.15709411227945,61.55334089335941,61.71888732910156,963700,0.0,0
2018-07-16,61.572819026608585,61.572819026608585,60.98854577450106,61.07618713378906,929300,0.0,0
2018-07-17,60.881418871697704,61.60202219189041,60.52111721160135,61.38779067993164,1469800,0.0,0
2018-07-18,61.378060154212385,61.572819143524285,61.10539979800697,61.339111328125,1202300,0.0,0
2018-07-19,61.94285988977001,62.95560364668894,61.738364625791775,62.46870803833008,1726700,0.0,0
2018-07-20,62.157094522450215,62.64399012592339,62.0110243555208,62.17656707763672,1619900,0.0,0
2018-07-23,62.0304924521435,62.32262903279107,61.70913961312845,62.04996871948242,1417500,0.0,0
2018-07-24,62.26421320070715,63.63725875900904,62.020765380336464,63.09193801879883,2454400,0.0,0
2018-07-25,63.43276884466812,64.3091825579909,63.14062846374769,64.23127746582031,2925800,0.0,0
2018-07-26,64.27022115300211,65.07846965662759,64.09493843449823,65.00056457519531,2583500,0.0,0
2018-07-27,64.903185113288,65.02003530271354,63.64699357090262,64.02677154541016,2638900,0.0,0
2018-07-30,64.1436371132588,64.3383924060612,62.81928031977547,62.93613052368164,1601200,0.0,0
2018-07-31,63.22827222778747,64.9421470725131,62.84849419819463,64.3091812133789,2539200,0.0,0
2018-08-01,64.11440823728728,64.43576111231951,62.93612179160627,63.276954650878906,2679200,0.0,0
2018-08-02,63.05299012607489,63.67621599783082,62.809542287750276,63.57883834838867,2263200,0.0,0
2018-08-03,63.78333367961397,64.06573406377387,63.25748545698225,64.00730895996094,1857300,0.0,0
2018-08-06,63.97808496275816,64.91293114171611,63.61778693927613,64.76686096191406,2873100,0.0,0
2018-08-07,65.07847777494283,66.15938676898344,64.88371504706618,65.88672637939453,2829000,0.0,0
2018-08-08,65.96461726356836,66.36387524261491,65.5750992772745,65.61405181884766,1681900,0.0,0
2018-08-09,65.71144234499646,65.84777253710622,64.86424121165301,64.94214630126953,1727800,0.0,0
2018-08-10,65.06872767691895,65.11742020868644,64.20205410340584,64.52340698242188,2165900,0.0,0
2018-08-13,64.6986875761636,65.2342682608751,63.94886421635569,64.2117919921875,2983100,0.0,0
2018-08-14,64.31891368625665,65.49720018252918,64.31891368625665,65.00056457519531,3110100,0.0,0
2018-08-15,64.2117947735082,64.64999784629256,62.5368727033716,63.03350830078125,6071500,0.0,0
2018-08-16,63.33537833573419,63.948864095790114,63.11140309857517,63.783321380615234,3149500,0.0,0
2018-08-17,63.763848110721966,63.763848110721966,62.59529426683313,62.96533966064453,2449200,0.0,0
2018-08-20,62.87769684698884,63.40354498117036,62.77057922172388,62.78031921386719,1619900,0.0,0
2018-08-21,63.04325255740792,63.68595844143856,62.92640234535778,63.228275299072266,2982800,0.0,0
2018-08-22,63.043251495607265,64.14364050347098,62.858236186497734,63.929405212402344,2565600,0.0,0
2018-08-23,63.968341827392585,64.26047470927982,63.812531680170004,63.96834182739258,2287700,0.0,0
2018-08-24,64.01702483805954,64.523400370578,63.87095468716243,64.25074005126953,1904200,0.0,0
2018-08-27,64.59157709135242,64.61104964791109,64.13389400312639,64.34812927246094,1158800,0.0,0
2018-08-28,64.66948591705001,65.53615960807845,64.6110533851185,64.94214630126953,2284300,0.0,0
2018-08-29,64.94213316671083,65.51666637019704,64.6597328460452,65.25374603271484,1852100,0.0,0
2018-08-30,65.24400461302716,65.87697032277221,65.10767445147427,65.4971923828125,2246300,0.0,0
2018-08-31,65.38034892770078,65.77960693684635,65.29271127463265,65.76986694335938,1582400,0.0,0
2018-09-04,65.57510021099311,65.78933547797709,65.09794457144372,65.5069351196289,1728000,0.0,0
2018-09-05,65.51667577695574,65.63353340452423,65.01030758303463,65.20506286621094,1859600,0.0,0
2018-09-06,65.24400096953113,65.7795890238913,65.07845827252387,65.59456634521484,1031500,0.0,0
2018-09-07,65.39008185827437,66.05226018453934,65.27322423736736,65.63352966308594,1585500,0.0,0
2018-09-10,66.04253292460692,66.61707371803679,65.94515526979609,66.14965057373047,2065700,0.0,0
2018-09-11,65.92565307207202,66.27621845484325,65.7211578370282,65.8477554321289,1676700,0.0,0
2018-09-12,65.8282847708673,66.22754273589177,65.48745933086921,66.13016510009766,1125400,0.0,0
2018-09-13,66.31518061266806,67.83429996826473,66.20806298408631,67.51294708251953,2495000,0.0,0
2018-09-14,67.46425512260566,67.5908527371522,66.76312424936698,67.04552459716797,1461100,0.0,0
2018-09-17,67.814829141375,67.83430912889547,67.19160327061135,67.2695083618164,1816600,0.0,0
2018-09-18,67.28897871542965,67.4545214567382,66.61706775675428,67.1234359741211,1780400,0.0,0
2018-09-19,67.23054741767908,67.81482066985194,67.07473725473298,67.7369155883789,1183400,0.0,0
2018-09-20,67.90246065272733,69.29498230454124,67.87324067728765,69.26576232910156,2865600,0.0,0
2018-09-21,69.55790698640439,69.58711953422915,68.71070595229934,68.86651611328125,3119700,0.0,0
2018-09-24,68.8275778536029,68.8275778536029,67.87325899317699,68.11670684814453,2333600,0.0,0
2018-09-25,68.33092040783986,68.97362610659015,68.07774006842602,68.53541564941406,2090200,0.0,0
2018-09-26,68.72045558652502,69.12944617232979,68.21408735116272,68.48674774169922,1830300,0.0,0
2018-09-27,68.73017700266307,68.99309732834539,68.26275400991666,68.94441223144531,1581700,0.0,0
2018-09-28,68.83730093690932,69.13917382548804,68.61332569640963,68.69123077392578,2248100,0.0,0
2018-10-01,68.97324184714954,69.85151041872882,68.94396746895728,69.53923797607422,2837500,0.149,0
2018-10-02,69.51970409851724,69.997877005773,69.26598790362013,69.94908142089844,2617500,0.0,0
2018-10-03,69.94909397506767,70.62243445234816,69.87102400332107,70.37847137451172,3203100,0.0,0
2018-10-04,70.18331180177456,70.38823993857748,68.77808922867396,68.95374298095703,2961800,0.0,0
2018-10-05,68.96350057284643,69.46118747712512,67.77295922485182,68.6024398803711,2376800,0.0,0
2018-10-08,68.270638070019,68.35846866401275,67.30454620706897,67.82174682617188,2179400,0.0,0
2018-10-09,67.66560042240526,67.9485985058863,67.05081610356476,67.73391723632812,2179200,0.0,0
2018-10-10,67.73391463006367,67.73391463006367,65.00152509447265,65.06007385253906,3055700,0.0,0
2018-10-11,65.03080854818519,65.35284165281335,63.05958981819772,63.32306671142578,3624200,0.0,0
2018-10-12,64.50385364737309,65.4113968389294,63.72317605533211,64.64047241210938,3669500,0.0,0
2018-10-15,64.32818698691851,64.74780380736938,63.781712037554705,64.0451889038086,1602800,0.0,0
2018-10-16,64.65022078423075,65.93834564016286,64.39649707839419,65.83100128173828,1868300,0.0,0
2018-10-17,65.54799613051796,65.83099418630205,64.7087625706512,65.5772705078125,1991200,0.0,0
2018-10-18,65.49922067834288,65.57728321787091,63.68413448266371,64.16230010986328,2327300,0.0,0
2018-10-19,64.22084670393754,64.64046355100933,62.688758670705745,62.9132080078125,2418300,0.0,0
2018-10-22,63.127901566672165,63.274273487765285,62.005669685587264,62.72779846191406,2227900,0.0,0
2018-10-23,61.30304827107996,61.60556385916147,59.897822136850884,61.2152214050293,4219800,0.0,0
2018-10-24,61.40063114961719,62.22034731356532,59.53675321669223,59.65385818481445,3481200,0.0,0
2018-10-25,60.00517170299973,61.371362965809205,59.59531171834959,61.09812545776367,3318300,0.0,0
2018-10-26,60.32719585833105,61.58604636419671,59.65385903366366,61.2152214050293,3119900,0.0,0
2018-10-29,62.11301311501054,62.62045313914649,59.653864368262006,60.58092498779297,2919900,0.0,0
2018-10-30,60.84439805699199,62.181318578117704,60.19057870997654,62.103248596191406,3076700,0.0,0
2018-10-31,62.79610925670842,64.3867536566648,62.63997672229908,63.225486755371094,3820700,0.0,0
2018-11-01,63.49872789139023,63.762204815473055,63.020562205747254,63.64510726928711,1882400,0.0,0
2018-11-02,64.21108590887724,65.00152390900821,63.85977847656071,64.33794403076172,2272100,0.0,0
2018-11-05,64.43555612264336,64.78686370951806,63.65487838693955,64.3184585571289,2348700,0.0,0
2018-11-06,64.44529039701284,64.81611161153572,64.08422234551975,64.3867416381836,2287300,0.0,0
2018-11-07,64.90395244552202,66.72879187208973,64.67950309262392,66.6116943359375,2700600,0.0,0
2018-11-08,66.34820553549754,66.70927361977829,65.7529349494699,66.15303802490234,2444600,0.0,0
2018-11-09,65.96763250143556,66.12377248692617,65.08936369596155,65.64559936523438,2573500,0.0,0
2018-11-12,64.56240452166337,64.65022767236991,62.89369020660231,62.94248580932617,3000000,0.0,0
2018-11-13,63.030309561165566,63.88906452824815,62.3960076681061,62.786346435546875,2216500,0.0,0
2018-11-14,63.079108369977064,63.27427590232475,61.75194830355325,61.93736267089844,4852600,0.0,0
2018-11-15,61.790985671746576,63.381622712434506,61.02982184313315,63.15718078613281,3846100,0.0,0
2018-11-16,62.82537609588963,64.01591723907131,62.82537609588963,63.42064666748047,2963300,0.0,0
2018-11-19,63.10837921995321,63.39137733761856,60.893197326729535,61.09812545776367,3392100,0.0,0
2018-11-20,64.65022001177178,66.77757849260716,63.362095171230536,65.8895492553711,8187200,0.0,0
2018-11-21,66.02618328850235,67.01178894648838,65.56753142529911,66.08473205566406,3557600,0.0,0
2018-11-23,65.4211361173647,66.95322386104978,65.4211361173647,66.56288146972656,1374300,0.0,0
2018-11-26,67.2752698023706,67.62657727746105,66.73854798065929,67.5777816772461,2406300,0.0,0
2018-11-27,67.20696163728454,67.84125978050136,67.04106106066943,67.68512725830078,2533600,0.0,0
2018-11-28,68.13399576176303,69.76366704022777,67.75341402476015,69.75391387939453,2661300,0.0,0
2018-11-29,69.50997247260435,70.43702931114576,69.50997247260435,69.84175872802734,2625800,0.0,0
2018-11-30,69.90031315770005,70.89568689497615,69.61731503416719,70.6029281616211,2279500,0.0,0
2018-12-03,71.55926642128944,72.98401019398592,71.42264766535716,72.86690521240234,4265200,0.0,0
2018-12-04,72.89616796808028,73.29627100746006,70.8761538902707,71.14939880371094,4263800,0.0,0
2018-12-06,69.48069167344397,70.19306723998442,68.21208795168016,70.17355346679688,3505900,0.0,0
2018-12-07,69.9783783277805,70.34919957868968,67.96812466232213,68.55363464355469,2184500,0.0,0
2018-12-10,68.72928923041755,69.00252672868636,66.91420305458784,68.88542175292969,2347200,0.0,0
2018-12-11,70.02717441961407,70.69075438837626,68.99276575217795,69.33432006835938,2926000,0.0,0
2018-12-12,70.4272818509749,71.27627631126602,69.87104615496752,70.01742553710938,2842900,0.0,0
2018-12-13,70.39799446941053,70.92495568075518,69.18793952770984,69.4221420288086,2200600,0.0,0
2018-12-14,68.71952848401529,68.90494283396917,67.46067791650589,67.68512725830078,1982700,0.0,0
2018-12-17,67.4411543759865,67.94859430610255,65.77244780356257,66.21157836914062,2241700,0.0,0
2018-12-18,66.79708911610234,67.36308525523668,65.76268802711799,66.34819793701172,2112000,0.0,0
2018-12-19,66.62145500813372,67.42165385772549,64.22085845935845,65.21623229980469,2845500,0.0,0
2018-12-20,64.7283007678079,64.85515891775427,63.03031198761717,63.61582946777344,3547800,0.0,0
2018-12-21,63.64509904914921,64.63071212484837,61.693394116370214,61.76170349121094,4683100,0.0,0
2018-12-24,61.41039716207295,62.09349464590262,60.717542791331944,61.156673431396484,1668500,0.0,0
2018-12-26,61.41039525632971,63.99640574965424,61.244498403330766,63.95737075805664,1701800,0.0,0
2018-12-27,62.94248827732342,64.89419334018616,62.454562011607734,64.87467956542969,1655000,0.0,0
2018-12-28,65.52424828562687,65.661204904131,64.28184650745611,64.52641296386719,1927700,0.164,0
2018-12-31,64.89814463244194,66.0133744257483,64.89814463244194,65.99380493164062,1572100,0.0,0
2019-01-02,65.05466079450693,65.12313908627398,63.88074508890785,64.26226806640625,2113300,0.0,0
2019-01-03,64.10575353014084,64.35031996812465,60.6524766199817,61.894874572753906,5383900,0.0,0
2019-01-04,62.697050412875065,64.51662536526503,62.697050412875065,64.03727722167969,3123700,0.0,0
2019-01-07,64.21337103272722,65.96446783355695,64.18402425083461,65.3970718383789,3235100,0.0,0
2019-01-08,66.12098474967291,66.72751225925533,65.25032874643871,66.35577392578125,1578100,0.0,0
2019-01-09,66.71772153580743,68.14599610670109,66.52207137014891,67.74490356445312,2442300,0.0,0
2019-01-10,67.54925861740237,68.42969189446012,67.10903451529752,68.38078308105469,1080900,0.0,0
2019-01-11,67.78402818518725,68.87968840655681,67.44163669837634,68.85033416748047,1210800,0.0,0
2019-01-14,68.20469252691741,68.76230373238565,68.15577625166158,68.23403930664062,2182700,0.0,0
2019-01-15,68.4296776076919,69.21229309454408,68.10685562317173,69.0655517578125,1793100,0.0,0
2019-01-16,69.28078067344381,69.58404067003778,68.4492562719738,68.50794982910156,1480300,0.0,0
2019-01-17,68.2438327482682,69.69166213194697,68.2438327482682,69.28079223632812,1225800,0.0,0
2019-01-18,69.74057154103262,70.73839939828956,69.31013218980463,70.36666107177734,1551700,0.0,0
2019-01-22,69.88730729615648,69.92643882163311,68.93838832818014,69.76991271972656,1972700,0.0,0
2019-01-23,70.38621816861769,71.26665884185596,69.20251749932113,70.09274291992188,2050300,0.0,0
2019-01-24,69.90688389406615,70.63079860729255,69.8384055761066,70.61123657226562,1509600,0.0,0
2019-01-25,71.2079690672253,72.12754131518354,70.98296464738897,72.04927825927734,2215300,0.0,0
2019-01-28,71.17862579777888,71.68732075910701,70.83623424077184,71.67753601074219,1729600,0.0,0
2019-01-29,72.09819931508684,72.45037566289467,71.60906632797342,71.96124267578125,1684500,0.0,0
2019-01-30,72.13732049644203,73.94711079630277,71.88297675342228,73.80037689208984,1679500,0.0,0
2019-01-31,73.57536291060505,74.65145369533796,73.0470985333198,74.39710998535156,2951300,0.0,0
2019-02-01,74.50471603792367,74.92536310550526,73.97645168738504,74.38732147216797,1343900,0.0,0
2019-02-04,74.52428958174721,74.57320585759706,73.68298038944513,74.37754821777344,2245900,0.0,0
2019-02-05,74.15254099143345,74.8471087235652,74.1427562449035,74.65145111083984,1593500,0.0,0
2019-02-06,74.45580498021799,75.02320089238283,74.34819515330483,74.64167785644531,1504900,0.0,0
2019-02-07,74.07428734598581,74.46559515751667,73.24276291121758,73.69276428222656,1660600,0.0,0
2019-02-08,73.43841243417111,74.16232702776155,73.13515242812154,74.15254974365234,1318100,0.0,0
2019-02-11,74.34818959325742,74.72971260066316,74.1036231801217,74.42645263671875,1018000,0.0,0
2019-02-12,75.130814761129,75.571031375947,74.76885373625991,75.39494323730469,2045500,0.0,0
2019-02-13,75.68842424071185,75.80581135476237,75.07211203764503,75.57102966308594,1376400,0.0,0
2019-02-14,75.32649203851547,75.60040536084664,74.85692101196327,75.34605407714844,1618100,0.0,0
2019-02-15,75.94277701810539,76.60799811014832,75.78625835951804,76.59822082519531,1919700,0.0,0
2019-02-19,76.30473783255702,76.6177826123014,75.72756455198122,75.83516693115234,2968000,0.0,0
2019-02-20,75.8449493303293,77.08735112590139,75.6492991478905,76.8525619506836,2076500,0.0,0
2019-02-21,75.98190100169387,76.87212644003074,74.83733183546838,76.1971206665039,3570800,0.0,0
2019-02-22,76.4612477322917,76.75472295277704,76.1384182725406,76.71559143066406,2797700,0.0,0
2019-02-25,77.18516114650541,78.10472578071149,77.13624487865873,77.61559295654297,1878000,0.0,0
2019-02-26,77.48842491606376,77.54711846950367,76.71559412028029,76.8427734375,1992600,0.0,0
2019-02-27,76.54928627886696,77.82103459544727,76.54928627886696,77.69385528564453,1254400,0.0,0
2019-02-28,77.4590811313225,78.01669230126502,77.17538317277979,77.71343231201172,1759100,0.0,0
2019-03-01,78.26124929554409,79.66995417120768,78.26124929554409,79.47429656982422,1625900,0.0,0
2019-03-04,79.72865442821481,79.98300559962728,77.80146980798658,78.388427734375,3204100,0.0,0
2019-03-05,78.28082545926905,78.29061020699868,77.63517391705248,78.00691223144531,1405600,0.0,0
2019-03-06,78.08517333388195,78.24169943933967,77.01886722885945,77.0384292602539,1750500,0.0,0
2019-03-07,76.9797207151409,77.38080572103101,76.31449982360998,77.01885223388672,1818100,0.0,0
2019-03-08,76.48082168628464,76.53951524681814,75.7177755450457,76.28517150878906,1483500,0.0,0
2019-03-11,76.57865686753826,77.74279572871671,76.55909483264091,77.57649230957031,1210900,0.0,0
2019-03-12,77.85039562665399,78.3884373486777,77.43952577414662,78.19278717041016,1532300,0.0,0
2019-03-13,78.4764755282995,78.98517040754948,78.28081791045338,78.388427734375,1529100,0.0,0
2019-03-14,78.31996014518631,78.9167028999723,78.31996014518631,78.8580093383789,1268500,0.0,0
2019-03-15,79.10255964657814,79.66017075859924,79.07321287177301,79.33734130859375,1999100,0.0,0
2019-03-18,79.33736169736471,79.52323460366372,78.74061891105606,79.21018981933594,1617700,0.0,0
2019-03-19,79.50365133614228,79.99278419340891,79.26886965445534,79.43517303466797,1172600,0.0,0
2019-03-20,79.5134387784632,79.66996488061054,78.50582625250958,79.16126251220703,1768300,0.0,0
2019-03-21,78.79931388828172,80.48192481009968,78.79931388828172,80.2177963256836,986600,0.0,0
2019-03-22,79.76779711323039,79.90475373309874,77.25365421482427,77.2732162475586,1435800,0.0,0
2019-03-25,77.37103245227098,78.12430123860952,76.95038535639836,77.79168701171875,923000,0.0,0
2019-03-26,78.64278169310776,79.27865591238863,78.38843051268037,78.89713287353516,1428200,0.0,0
2019-03-27,78.75038026254389,79.0145086887686,77.17537206020707,77.2829818725586,1446100,0.0,0
2019-03-28,77.6645362574857,78.05584414573997,76.99931508652658,77.9677963256836,1615600,0.0,0
2019-03-29,78.41779863426859,78.91670887272393,78.21235622599103,78.63301086425781,1585100,0.0,0
2019-04-01,79.36232717923632,80.15634017313998,79.36232717923632,79.95048522949219,1522700,0.164,0
2019-04-02,80.0975238331932,80.14654011852889,79.43094273833738,79.53877258300781,1203000,0.0,0
2019-04-03,79.93088256084324,80.40140600573967,79.85245949374874,80.32299041748047,2141000,0.0,0
2019-04-04,80.22495696440632,80.43081938298063,78.85259069947907,79.23489379882812,2180100,0.0,0
2019-04-05,79.5877856734753,80.303375546106,79.45054905464654,79.86225891113281,1502900,0.0,0
2019-04-08,79.96027679476934,80.09751340123336,78.98981579796411,80.07791137695312,783300,0.0,0
2019-04-09,79.95048430818115,80.10733044182082,79.66620630008569,79.81324768066406,1254700,0.0,0
2019-04-10,79.84265840523338,80.61706940095574,79.84265840523338,80.06812286376953,982900,0.0,0
2019-04-11,80.26415037050936,80.30336189477099,79.29368945124298,79.47994232177734,1071500,0.0,0
2019-04-12,79.82305177891013,80.44061659767088,79.30351205345241,79.3819351196289,1249300,0.0,0
2019-04-15,79.40154309246114,79.52897497541385,78.33305678142847,78.81338500976562,1627300,0.0,0
2019-04-16,79.22508897410523,79.3623256004737,75.66672648383398,76.01962280273438,3441500,0.0,0
2019-04-17,76.60776838221223,76.77441176158119,72.99058544118004,73.94144439697266,4472000,0.0,0
2019-04-18,74.23552775973941,75.02954061568632,73.8238104651428,74.66683959960938,2874100,0.0,0
2019-04-22,74.43160120902715,75.20601228321345,73.64738538030177,74.07870483398438,2016000,0.0,0
2019-04-23,72.81414670217274,75.28442085134537,72.3044117469343,74.06888580322266,4607100,0.0,0
2019-04-24,74.34335084118285,75.11776168063277,73.94144577294138,74.29434204101562,1942700,0.0,0
2019-04-25,73.77479899227514,75.51967074914033,73.46111426608402,75.20598602294922,1481400,0.0,0
2019-04-26,75.4608619158942,75.9313852951684,74.79428089622716,75.89217376708984,1608900,0.0,0
2019-04-29,75.94119933315898,76.89205843854307,75.79415795459238,75.80396270751953,2177700,0.0,0
2019-04-30,75.91178732555194,77.03908703298231,75.8529662908749,76.95086669921875,1726200,0.0,0
2019-05-01,76.94106818085218,77.36258281582187,75.75494734264342,75.94120025634766,1078600,0.0,0
2019-05-02,75.88238819426859,76.79402831702964,75.62751696187725,76.65679168701172,946800,0.0,0
2019-05-03,77.02929290014724,77.98994925263496,77.02929290014724,77.72528076171875,1303200,0.0,0
2019-05-06,76.0882325237847,77.84290916716357,75.68631996420861,77.78408813476562,1624300,0.0,0
2019-05-07,77.03909109645043,77.21553925211909,74.52961286368318,75.156982421875,1732200,0.0,0
2019-05-08,75.26481846545421,75.77456094774487,74.62764410200872,75.09817504882812,2243600,0.0,0
2019-05-09,74.1767059063294,75.53927467110894,73.37288830783476,75.48046112060547,1717500,0.0,0
2019-05-10,75.127577427097,75.61771037350489,72.62789640888258,75.57849884033203,2849800,0.0,0
2019-05-13,74.25514697434151,74.41199311884797,71.78488002905117,72.3828353881836,3547300,0.0,0
2019-05-14,72.96118791911863,75.15698134121739,72.83375605029278,74.510009765625,2557700,0.0,0
2019-05-15,66.03070256351879,68.52057850539158,64.93280221375962,66.30517578125,14523800,0.0,0
2019-05-16,66.26597001895951,68.05005356827951,66.26597001895951,67.93242645263672,4567700,0.0,0
2019-05-17,67.0894088636518,68.49118957269283,66.84434235842669,67.74618530273438,3935700,0.0,0
2019-05-20,67.30505654899544,68.5892024135092,67.28544704393582,67.5697250366211,4029700,0.0,0
2019-05-21,68.0010380141767,69.04992207129149,66.90313767785216,66.97175598144531,3928200,0.0,0
2019-05-22,66.82471226161887,67.28543834610927,66.17774077614698,66.628662109375,4985400,0.0,0
2019-05-23,65.85427100676235,66.5110474400956,64.72696359682796,66.36400604248047,5358500,0.0,0
2019-05-24,66.79531900033078,68.51078435544694,66.73650543852555,67.01097869873047,3852900,0.0,0
2019-05-28,67.07959058088822,67.50110518401861,65.63859862416726,65.75623321533203,2984700,0.0,0
2019-05-29,65.27589799029414,66.64827164722927,65.27589799029414,65.97189331054688,3722100,0.0,0
2019-05-30,66.25616756386181,66.56005507375806,65.41314578346127,65.56998443603516,2947900,0.0,0
2019-05-31,64.93279401460566,66.22674436254557,64.76615065043032,65.72681427001953,2829300,0.0,0
2019-06-03,65.71702318078235,66.75610258380104,65.50136349815548,65.66800689697266,2560600,0.0,0
2019-06-04,66.32478407996753,66.65807084434888,65.09945189532877,66.60905456542969,4402800,0.0,0
2019-06-05,67.25603850462228,67.64814632836656,66.55024591764949,67.00116729736328,2289200,0.0,0
2019-06-06,67.16782700493441,68.30493922208069,67.16782700493441,67.79520416259766,2469000,0.0,0
2019-06-07,68.3245194222831,68.83426179773558,67.96182588315426,68.1480712890625,1547400,0.0,0
2019-06-10,68.30492268805583,69.15775664447685,67.99123792457361,68.90288543701172,1477100,0.0,0
2019-06-11,70.82420294103432,71.16729446989528,68.43235203325888,68.70682525634766,1748200,0.0,0
2019-06-12,68.69703051211727,68.90288543701172,67.56972332250363,68.90288543701172,1546800,0.0,0
2019-06-13,69.16756059160005,69.31460197466481,68.51078422325759,68.9126968383789,1886900,0.0,0
2019-06-14,68.92248201432776,69.05971862007533,68.36373083983149,68.58919525146484,1602700,0.0,0
2019-06-17,68.8636739067221,69.20676544821285,68.51077761295028,68.90288543701172,1149200,0.0,0
2019-06-18,69.40281781464756,70.79479337917401,69.17735340236004,70.49091339111328,2350400,0.0,0
2019-06-19,70.47130452590537,71.29473164906715,70.47130452590537,71.21630859375,1916700,0.0,0
2019-06-20,71.7750599420151,71.97111010193021,70.93203079247859,71.87308502197266,2077800,0.0,0
2019-06-21,71.69664239095131,72.0887502197194,71.11828913961533,71.89269256591797,3096200,0.0,0
2019-06-24,71.88289290987797,72.22598444411562,70.83400880301737,71.69664001464844,1251600,0.0,0
2019-06-25,71.7456674505068,72.17697938396128,70.98106120423655,71.07908630371094,1340400,0.0,0
2019-06-26,71.20651017940285,71.73585463165328,70.61835216984734,70.71637725830078,1583800,0.0,0
2019-06-27,71.1182969009447,71.83388684861853,70.77519783905755,71.74566650390625,1480200,0.0,0
2019-06-28,71.81427083390844,73.2258484262341,71.65742472429774,73.19644165039062,3159700,0.0,0
2019-07-01,74.27122253452035,74.55612627747108,73.60317418784558,74.44805908203125,2753200,0.164,0
2019-07-02,74.5168312094391,74.8410328078333,73.92737852754806,74.28105163574219,1877000,0.0,0
2019-07-03,74.52663863751829,75.57783136038702,74.36944729806716,75.45011901855469,1153100,0.0,0
2019-07-05,74.99820536084891,75.12592521108219,73.97649153076088,74.4185791015625,1493100,0.0,0
2019-07-08,74.20245843129292,74.65437241905498,72.20813958486337,72.54216003417969,2217400,0.0,0
2019-07-09,72.19830205147925,72.77793582314689,71.82498381391635,72.15900421142578,2092200,0.0,0
2019-07-10,72.28672185084709,72.64039490519642,71.84462678526224,72.08041381835938,1785200,0.0,0
2019-07-11,72.47337574760834,72.48320208094569,70.22363260761048,70.47905731201172,6562400,0.0,0
2019-07-12,70.02714848137745,70.99974568381415,69.58506088807806,70.3906478881836,2542400,0.0,0
2019-07-15,69.77172273814733,69.77172273814733,68.26861578708235,69.30998992919922,3955300,0.0,0
2019-07-16,68.76964419207272,69.12331724754137,68.11142225367686,68.72052001953125,3067200,0.0,0
2019-07-17,69.07419796768086,69.31980385719223,68.36685180664062,68.36685180664062,2402300,0.0,0
2019-07-18,68.7794681084942,69.36892068179445,68.43562139867706,68.89735412597656,2713000,0.0,0
2019-07-19,69.33946152443973,69.33946152443973,67.39425944134838,67.49250030517578,2694400,0.0,0
2019-07-22,67.69881943150367,68.24897429417372,67.25672427803134,67.87564849853516,3103300,0.0,0
2019-07-23,68.18019749448418,68.93666034808773,67.94441793554628,68.66158294677734,3304200,0.0,0
2019-07-24,68.03283879697237,68.35704040527344,67.41391458636848,68.35704040527344,3190400,0.0,0
2019-07-25,68.52405069740969,68.77948294923036,68.32756896234625,68.6222915649414,1904700,0.0,0
2019-07-26,68.89735887373928,68.95630938183892,68.13106972611385,68.27843475341797,2392600,0.0,0
2019-07-29,68.27842946800126,69.26085291358402,68.16053595622475,69.13314056396484,2750000,0.0,0
2019-07-30,68.03283989332552,68.94649421625357,66.90305116138039,68.91702270507812,2871800,0.0,0
2019-07-31,68.95631453447484,69.41805482339201,67.7086323714054,68.19002532958984,3846100,0.0,0
2019-08-01,68.40613867335088,69.4376862419164,67.18793575550553,67.99352264404297,2494100,0.0,0
2019-08-02,67.90512914476,67.91494798518917,66.37254306913114,66.88340759277344,2803500,0.0,0
2019-08-05,65.66520183175358,65.98940347789834,64.505948967294,64.70243072509766,3273100,0.0,0
2019-08-06,65.24275001048383,66.49042459155015,64.87925060727243,66.47077941894531,2436200,0.0,0
2019-08-07,65.69465768288164,67.07004449326077,65.31151314351946,66.77532196044922,2172900,0.0,0
2019-08-08,67.22724156380353,68.28826076096655,66.90304000434317,68.26860809326172,2014300,0.0,0
2019-08-09,67.72827801971142,67.72827801971142,66.62796100902057,67.43354797363281,1866200,0.0,0
2019-08-12,67.0209426961136,67.17812658277897,65.33117281649938,65.4588851928711,1961900,0.0,0
2019-08-13,65.7339611284985,67.57108830853026,65.33116388873536,66.45112609863281,3164300,0.0,0
2019-08-14,65.40975363823102,65.84201484977041,64.20136952380317,64.43714904785156,3509700,0.0,0
2019-08-15,70.67555316428498,71.37307299106162,68.19984160064416,68.36685180664062,6701000,0.0,0
2019-08-16,68.67141303790662,69.92891408143048,67.74793242987614,69.83067321777344,3367100,0.0,0
2019-08-19,70.66572814511349,71.00957489776901,70.2432857074804,70.4888916015625,2050400,0.0,0
2019-08-20,70.16469482489634,70.98993458304987,69.85031955876586,69.8699722290039,2171200,0.0,0
2019-08-21,70.69519731583547,71.05869672536593,69.93873448500345,70.93097686767578,1897400,0.0,0
2019-08-22,71.17657707303886,71.49095228216794,69.99767191262886,70.47905731201172,1644000,0.0,0
2019-08-23,70.24329902245027,70.41030926321244,68.03284555670884,68.32757568359375,2990000,0.0,0
2019-08-26,68.87771007876304,69.39839331859628,67.5809113982231,68.41596984863281,1827300,0.0,0
2019-08-27,68.81877785774986,69.09385527321601,67.89529725271575,68.25879669189453,2032300,0.0,0
2019-08-28,68.04266027389443,69.02508386868523,67.60056515906024,68.71070861816406,1674000,0.0,0
2019-08-29,69.5654036072526,70.03697017142726,69.2412095581348,69.45733642578125,1611200,0.0,0
2019-08-30,70.19417367423728,71.17659742052638,69.57524941238255,69.86015319824219,2356400,0.0,0
2019-09-03,69.45733578338893,69.79136365811003,68.25878545548527,69.17243957519531,2227800,0.0,0
2019-09-04,69.6931357905869,69.9682132120016,68.7303573203378,69.61454010009766,1820600,0.0,0
2019-09-05,70.38082201144533,72.41443844537038,70.38082201144533,72.22777557373047,2997900,0.0,0
2019-09-06,72.39479992372829,73.0628482940675,72.39479992372829,72.97442626953125,3117600,0.0,0
2019-09-09,73.08248296061502,73.27896466087054,72.37513684722092,72.87617492675781,2996900,0.0,0
2019-09-10,72.20812835138032,73.71123513005956,72.00182031266911,73.45580291748047,2838000,0.0,0
2019-09-11,73.75054342660884,75.6564477143975,73.75054342660884,75.63679504394531,2805500,0.0,0
2019-09-12,75.65644157128419,76.71745333532343,75.36171150081398,76.20659637451172,4009800,0.0,0
2019-09-13,76.22624345321238,76.67816490464088,75.82345367515292,76.53079986572266,2673400,0.0,0
2019-09-16,75.96098602908475,76.06905321557059,75.11610120490268,75.79397583007812,2874500,0.0,0
2019-09-17,75.59747250119032,75.61712516522212,74.93925066673386,75.05714416503906,2716800,0.0,0
2019-09-18,75.01786474879677,76.20659637451172,74.4185857687252,76.20659637451172,1982600,0.0,0
2019-09-19,76.21642186452101,76.7764029959726,75.96098963929661,76.69780731201172,1743700,0.0,0
2019-09-20,76.84516948038024,77.35602641648433,76.54062058550838,76.59956359863281,4605500,0.0,0
2019-09-23,76.11818825650978,77.01218988699199,75.91187269263929,76.68798828125,2217000,0.0,0
2019-09-24,76.91394223233513,77.01218309032375,74.31051827150304,74.63471984863281,4296700,0.0,0
2019-09-25,74.71331067890867,75.21434127068706,73.83895435761322,74.98838806152344,1739200,0.0,0
2019-09-26,75.10627185511882,75.60730992731585,74.75259880360282,75.17504119873047,1313300,0.0,0
2019-09-27,75.66626458080978,75.95116833255442,74.58560008835259,75.0473403930664,1639800,0.0,0
2019-09-30,75.18910935205999,75.91766478348883,75.14972696233103,75.44508361816406,1684600,0.164,0
2019-10-01,75.31709754126337,75.70106645722656,73.43662784030569,73.6827621459961,2189100,0.0,0
2019-10-02,73.17081510865283,73.38741452616961,71.77277388285665,72.21581268310547,1999400,0.0,0
2019-10-03,72.24534687179869,72.73761553884633,71.34942180371235,72.72777557373047,1869400,0.0,0
2019-10-04,72.9345178383961,74.73622272355182,72.91482288792926,74.70668029785156,1260800,0.0,0
2019-10-07,74.18487024108914,74.51961676670676,73.48584978960253,73.93873596191406,1048000,0.0,0
2019-10-08,72.82622868450959,72.82622868450959,70.62086713269669,71.36911010742188,3001900,0.0,0
2019-10-09,71.92045001002938,72.69822783713389,71.51678612703442,72.33395385742188,1499700,0.0,0
2019-10-10,72.29457271825743,73.2791099975411,72.29457271825743,72.85575866699219,1399900,0.0,0
2019-10-11,74.38178492304648,75.03157553816834,74.076573297811,74.13565063476562,1200700,0.0,0
2019-10-14,74.01750946044923,74.62792524888174,73.8304449825667,74.01750946044922,829500,0.0,0
2019-10-15,74.62791943756967,75.17925784133509,74.50977227472463,74.57868957519531,844900,0.0,0
2019-10-16,74.13565967632664,74.70668558609938,73.80091309749945,74.10611724853516,2275500,0.0,0
2019-10-17,74.51963360205511,75.0709721083097,73.74184820277522,73.76153564453125,1650000,0.0,0
2019-10-18,72.85574530652067,73.66306542702795,72.62929846878556,73.41693115234375,2121900,0.0,0
2019-10-21,73.7221454898955,74.34240875556927,73.53508852291873,74.31287384033203,1641500,0.0,0
2019-10-22,74.50978506348709,75.14973582708221,73.48586534401963,73.53509521484375,1271800,0.0,0
2019-10-23,73.85998492832731,74.71653508329311,73.5252458518679,73.82061004638672,1778300,0.0,0
2019-10-24,73.86982880000335,73.94859358288812,73.30864286693976,73.84029388427734,1475100,0.0,0
2019-10-25,73.54493291519518,74.79529948595778,72.98374695762982,74.2242660522461,835100,0.0,0
2019-10-28,74.51963265204523,75.37617531885348,74.51963265204523,74.97251892089844,1143900,0.0,0
2019-10-29,73.88951829611167,75.49431119393445,73.78121860549675,74.99219512939453,1113300,0.0,0
2019-10-30,74.86421312281443,74.9725128208398,74.07658032107062,74.94297790527344,914800,0.0,0
2019-10-31,74.82482386422235,74.9429710270674,73.9387389214405,74.57868957519531,970500,0.0,0
2019-11-01,75.32693712954276,76.15394470458725,75.1398726731494,75.77982330322266,1106300,0.0,0
2019-11-04,76.47885797108562,76.64622750979618,75.54355053812802,75.55339050292969,1010200,0.0,0
2019-11-05,75.63214912862607,75.72076138458704,74.30302538059482,74.38179016113281,2362700,0.0,0
2019-11-06,74.529467879461,74.76576223104328,73.78122496705345,74.61808013916016,1355700,0.0,0
2019-11-07,75.1595650920305,75.1989474807984,74.50977445591684,74.73622131347656,860900,0.0,0
2019-11-08,74.72638527078757,75.46478827245262,74.48025093689922,75.45494079589844,1231500,0.0,0
2019-11-11,75.07096888249372,75.66168975830078,74.95282170276292,75.66168975830078,1149200,0.0,0
2019-11-12,75.80936693554216,76.35086541822237,75.53369771214969,75.85859680175781,1008400,0.0,0
2019-11-13,75.63215708971279,76.30164277191038,75.37617528173098,75.96690368652344,1096000,0.0,0
2019-11-14,76.01611305729004,76.25239987197908,75.29740513844605,75.57307434082031,1113500,0.0,0
2019-11-15,75.74045974285606,77.09911860159941,75.42540808670873,77.04989624023438,1700400,0.0,0
2019-11-18,76.93173720164835,77.28617119914423,76.30163398641628,76.73483276367188,1641200,0.0,0
2019-11-19,76.96127282187719,78.26086165413739,76.63637373595643,78.06395721435547,1704800,0.0,0
2019-11-20,77.93597318429137,78.13287763191717,77.00065827951089,77.30586242675781,2429800,0.0,0
2019-11-21,77.74891741081206,77.74891741081206,76.11458176902468,77.08927917480469,2142200,0.0,0
2019-11-22,77.39447507768756,77.9655084946834,77.02035362073677,77.89659118652344,1869700,0.0,0
2019-11-25,78.22147879282338,79.21586348400625,78.07380421958773,79.01895904541016,2640800,0.0,0
2019-11-26,77.35509199589949,79.77705274718286,76.75452366810798,79.69828796386719,5329900,0.0,0
2019-11-27,79.82627868652344,80.08225295256867,79.44230977603277,79.82627868652344,1628000,0.0,0
2019-11-29,79.70813687357953,79.98380610872051,79.22571571208283,79.52107238769531,835800,0.0,0
2019-12-02,79.53091815304929,79.73767007495809,78.78266773702948,79.1075668334961,1775600,0.0,0
2019-12-03,78.29040908328159,78.871290042908,77.9458225028714,78.86144256591797,1978200,0.0,0
2019-12-04,79.05835590003002,79.74752907263121,78.9402087084023,79.6786117553711,1690900,0.0,0
2019-12-05,79.63922198220655,80.47607718897925,79.25525303425881,80.26932525634766,1900000,0.0,0
2019-12-06,80.96833954148227,81.14555654300973,80.55483570839247,80.93880462646484,1783400,0.0,0
2019-12-09,81.0667935547969,81.19478820460024,80.28901573739454,80.3579330444336,1913800,0.0,0
2019-12-10,81.61813964483203,82.5042246733928,81.42122768769457,81.64767456054688,3067700,0.0,0
2019-12-11,81.64767528129198,82.1793263031216,81.29324126673892,82.13009643554688,1718300,0.0,0
2019-12-12,82.19901491932066,83.6659808660956,81.88396329203528,83.49860382080078,1920800,0.0,0
2019-12-13,83.3607583970283,83.42967569683105,82.29745647599532,82.41560363769531,1811200,0.0,0
2019-12-16,83.16386762101716,83.65613627509073,82.70113388436023,83.14417266845703,1371200,0.0,0
2019-12-17,83.44938154576467,83.54783377099602,82.48453171108156,82.65190124511719,1653200,0.0,0
2019-12-18,82.45498995595655,82.75035411857681,82.07102105140382,82.13993835449219,2025500,0.0,0
2019-12-19,82.65190108949315,83.3607691281014,82.26793215381757,83.2032470703125,1696000,0.0,0
2019-12-20,83.62659214052132,83.99086609707516,83.0161763726364,83.87272644042969,2287800,0.0,0
2019-12-23,84.09917244909947,84.11886740104836,83.4493817518294,83.941650390625,816000,0.0,0
2019-12-24,84.1287002658383,84.1287002658383,83.66597409401626,83.98102569580078,271900,0.0,0
2019-12-26,83.9908732669411,84.31577237329655,83.77427386270413,84.12870788574219,649100,0.0,0
2019-12-27,84.35514864850808,84.35514864850808,83.79396273796605,84.09916687011719,767700,0.0,0
2019-12-30,84.19783900265107,84.2570411045302,83.5072105414418,83.76373291015625,742800,0.18,0
2019-12-31,83.70452490443778,84.19783306401777,83.536801936729,84.1682357788086,1176200,0.0,0
2020-01-02,84.75034868508423,85.19432304589097,84.05971270159134,84.79967498779297,1410500,0.0,0
2020-01-03,83.53680099448677,84.18797137088445,83.36907802866982,83.43814086914062,1118300,0.0,0
2020-01-06,82.87577408177197,83.68479919433594,82.48112603306835,83.68479919433594,1993200,0.0,0
2020-01-07,82.83629422766937,84.11889828277344,82.81656521591762,83.9413070678711,1684700,0.0,0
2020-01-08,84.80954612627878,85.312722605546,84.05971554327273,84.77008056640625,1847600,0.0,0
2020-01-09,85.3028481751968,86.52625033377602,85.01672853224228,86.10200500488281,1912700,0.0,0
2020-01-10,86.54598955549311,87.05902675810883,86.15134150032725,86.417724609375,1417000,0.0,0
2020-01-13,86.63477342219112,87.13794983428106,85.57909430022038,86.28945922851562,1630200,0.0,0
2020-01-14,86.10201289276262,87.02943474955742,85.53964182641144,86.8123779296875,1675200,0.0,0
2020-01-15,86.45718908421355,87.91738461184364,86.37826549599784,87.43394470214844,1630400,0.0,0
2020-01-16,87.92725697632687,88.29230022976394,87.67073460264902,88.26270294189453,1595900,0.0,0
2020-01-17,88.76586256780736,89.07171118744877,88.016032132545,88.91385650634766,3718300,0.0,0
2020-01-21,88.59814217427042,88.9434563559758,88.26268873541046,88.41068267822266,2697400,0.0,0
2020-01-22,88.73628456817953,89.42691306173046,88.63761690285565,88.92373657226562,1665800,0.0,0
2020-01-23,88.42056408661894,88.77574659123034,87.47341325008375,87.87792205810547,1228300,0.0,0
2020-01-24,88.25283427059746,88.26270254227119,86.4078664137571,87.07876586914062,1164500,0.0,0
2020-01-27,85.3817755026076,86.00334106176558,85.05619031706935,85.40150451660156,1868000,0.0,0
2020-01-28,85.68762890770027,86.30920202867807,85.03646602772999,86.01321411132812,1652200,0.0,0
2020-01-29,86.37826677878404,87.17742363506665,85.98361872270273,86.0724105834961,1131500,0.0,0
2020-01-30,83.7637160207014,83.89197341555496,82.48111196302898,83.25067138671875,3026700,0.0,0
2020-01-31,82.9053671551223,83.21121580186463,81.23798318590633,81.45503997802734,2850400,0.0,0
2020-02-03,82.17527144494261,82.5699194651873,81.0110639252275,81.05052947998047,1919800,0.0,0
2020-02-04,81.74116003884869,82.77711017856807,81.67209719801974,82.40219116210938,1676000,0.0,0
2020-02-05,83.39867169062269,84.35569067220507,83.26054601568138,83.79331970214844,2345100,0.0,0
2020-02-06,84.16823910217302,84.24717021737084,83.44801337602794,83.68479919433594,835500,0.0,0
2020-02-07,83.47761480047082,83.65520605482654,81.81023066386905,82.056884765625,1447600,0.0,0
2020-02-10,81.9286221931615,83.50720683972538,81.82009379302723,83.30001831054688,2066900,0.0,0
2020-02-11,83.8919849336094,84.52341877960139,83.70452542307623,83.95117950439453,1543200,0.0,0
2020-02-12,84.25703143924297,84.90819426693189,84.14850304674734,84.28662872314453,1464200,0.0,0
2020-02-13,83.96105243999399,84.53329174699333,83.52694635130969,84.32610321044922,1596300,0.0,0
2020-02-14,84.5727571040115,84.71088279471189,83.98078878282621,84.67141723632812,1965400,0.0,0
2020-02-18,84.51355603605266,84.92793307631305,83.3986747974142,83.65519714355469,2872500,0.0,0
2020-02-19,83.56638537131062,84.691127186551,82.33311517676776,84.20768737792969,4741300,0.0,0
2020-02-20,83.7637300650845,83.85252192395883,82.24433997474516,83.21121978759766,2543600,0.0,0
2020-02-21,82.77710307989955,83.9511712733078,82.28379496562992,83.93144226074219,1762500,0.0,0
2020-02-24,81.11958856121724,81.48463175302336,78.94902831406235,79.422607421875,2919200,0.0,0
2020-02-25,79.6199410297502,79.79753228409218,76.65023106448396,76.90674591064453,2768000,0.0,0
2020-02-26,77.60723236424136,79.19567748960202,77.04485391521425,77.06459045410156,2526000,0.0,0
2020-02-27,75.65374498389218,79.22529902068084,75.34789631213758,76.39370727539062,2879400,0.0,0
2020-02-28,73.96664285317833,76.03853607177734,73.17734661405166,76.03853607177734,3755600,0.0,0
2020-03-02,76.27530444984957,80.90253734838475,76.20624160930211,80.87294006347656,3407500,0.0,0
2020-03-03,80.79401301693237,83.86239049486863,78.21894371837769,79.24502563476562,3017200,0.0,0
2020-03-04,80.67559790555066,83.30000043314726,79.63965548198654,83.2210693359375,1905300,0.0,0
2020-03-05,81.04066391183015,82.1358086290672,78.63331768261934,79.38314819335938,2322600,0.0,0
2020-03-06,76.90672374371138,77.84401357652665,75.47613337689289,77.50856018066406,2959900,0.0,0
2020-03-09,71.61847089620656,73.19706293835236,69.23086134702389,69.8031005859375,4598200,0.0,0
2020-03-10,72.07232979300721,72.63470083025655,68.72770085663709,71.9342041015625,3537300,0.0,0
2020-03-11,69.81297205686732,70.76999107992643,66.66566362583487,67.91866302490234,4985900,0.0,0
2020-03-12,63.14344441068038,66.24141904989658,61.328070233327615,62.571205139160156,5055000,0.0,0
2020-03-13,65.63957826272784,68.57969801561597,62.89678627727646,68.27384185791016,3261200,0.0,0
2020-03-16,62.56133685063934,65.72837790330848,60.31185298383786,63.271697998046875,4742800,0.0,0
2020-03-17,65.13639657353244,69.58603763124428,63.08423688624705,69.49724578857422,3341800,0.0,0
2020-03-18,64.31751690895595,68.94474208655286,64.30764863863786,67.9482650756836,4123900,0.0,0
2020-03-19,67.62269052232088,67.67201682708956,63.31117404484062,64.87989807128906,3430700,0.0,0
2020-03-20,65.10680762758714,70.04975740568439,64.09059404141958,65.57051849365234,3258400,0.0,0
2020-03-23,65.90597142603876,66.65579438955969,61.259005822628005,62.521873474121094,2989600,0.0,0
2020-03-24,64.65295969532914,67.26749418391117,63.73540630959385,66.10328674316406,2868900,0.0,0
2020-03-25,66.22169436552086,70.82919106958181,64.23859332719027,68.07653045654297,2628100,0.0,0
2020-03-26,69.06314617513993,73.45358602821675,68.71783194972134,72.73336029052734,3267500,0.0,0
2020-03-27,70.59240956885803,72.23018895147129,69.33940246987986,69.96097564697266,1829800,0.0,0
2020-03-30,70.28737971272237,72.38433219176174,70.28737971272237,71.87987518310547,1486200,0.18,0
2020-03-31,71.55345087942914,72.00845598685493,69.73346063548955,70.8412857055664,1822100,0.0,0
2020-04-01,68.71466966085764,69.46640846631283,67.40902202319431,68.17064666748047,2173600,0.0,0
2020-04-02,67.52770269933663,71.66225421201366,67.39911889514465,71.50399780273438,1840300,0.0,0
2020-04-03,70.93031000472149,71.54357158023817,68.90260378978762,69.65433502197266,2052600,0.0,0
2020-04-06,72.17661971021035,74.17465351976905,71.46444685248491,73.55150604248047,2312000,0.0,0
2020-04-07,75.77703227966752,76.71670006245053,73.21518901286412,73.22508239746094,2458000,0.0,0
2020-04-08,73.36355839809589,76.33093982761895,71.9589996659342,75.85616302490234,2703000,0.0,0
2020-04-09,75.59898939980084,77.86409150953827,75.40116698569928,77.47833251953125,2399900,0.0,0
2020-04-13,76.59801562479632,77.14203107711535,74.20432197668998,75.38138580322266,1533000,0.0,0
2020-04-14,76.45952947349892,78.33886496628597,76.40017671465775,77.97289276123047,2650300,0.0,0
2020-04-15,76.59800107177071,77.537668749528,76.16278275545004,76.21224212646484,2721100,0.0,0
2020-04-16,77.21126055365634,78.0619104803658,75.63855205552859,77.89376068115234,1969300,0.0,0
2020-04-17,79.21918823256505,79.47636339941127,77.45854314830322,78.68506622314453,1313400,0.0,0
2020-04-20,78.19050436355677,78.19050436355677,76.14301146131437,76.52877044677734,1679400,0.0,0
2020-04-21,74.9362676055881,74.97583359325841,72.90855412951719,72.9481201171875,2848100,0.0,0
2020-04-22,73.93726002726973,74.75823743470518,72.97780541212731,74.35269165039062,2347400,0.0,0
2020-04-23,75.76715157321462,76.64747428860402,74.23400874758305,74.27356719970703,2097700,0.0,0
2020-04-24,74.7977849227344,75.08463265242442,73.2151757180391,74.9263687133789,1654300,0.0,0
2020-04-27,75.51985541830206,75.7869239713615,75.0153984653107,75.42094421386719,1295800,0.0,0
2020-04-28,76.1627965225734,76.1627965225734,74.52084170252193,74.62964630126953,1855900,0.0,0
2020-04-29,75.47040408901773,78.51690995656591,75.3121401237211,77.86408996582031,2409400,0.0,0
2020-04-30,77.11235309990873,77.5871374609103,75.16377137181624,75.82649230957031,1795200,0.0,0
2020-05-01,74.72856396732342,75.2725794066564,72.77008876497618,73.40312957763672,1618600,0.0,0
2020-05-04,73.47235897695197,73.80866611142281,72.62170907654084,73.74931335449219,1555400,0.0,0
2020-05-05,74.09551761639106,76.73648526678896,74.01638563411278,75.53964233398438,1476100,0.0,0
2020-05-06,75.85615288430817,77.97288408401735,75.8165868982975,77.02332305908203,2303600,0.0,0
2020-05-07,77.91353774009269,78.46745404336085,76.69691564256969,77.64647674560547,1190600,0.0,0
2020-05-08,78.80375676306949,79.45658429221427,78.32897996591068,78.84332275390625,2255000,0.0,0
2020-05-11,78.73451216631061,81.09852522697578,78.63560096997611,80.3863525390625,1691600,0.0,0
2020-05-12,80.69299723761765,81.40517001537263,78.9125652932302,78.98180389404297,2278900,0.0,0
2020-05-13,79.50603852617185,81.03918864510273,78.17071836740958,79.28843688964844,2664900,0.0,0
2020-05-14,78.42789486465124,80.77212899369222,77.86409267493777,80.7523422241211,2285900,0.0,0
2020-05-15,80.62374880044896,81.92939621822609,80.33690104738058,80.70287322998047,4529400,0.0,0
2020-05-18,82.33494232902927,83.47244006739415,81.39527454967293,82.75038146972656,2076000,0.0,0
2020-05-19,82.32505288497124,82.63167987495221,80.99961863021423,81.07875061035156,2099200,0.0,0
2020-05-20,82.07778244110357,82.07778244110357,80.58419818213439,80.82158660888672,2748100,0.0,0
2020-05-21,80.83147916523596,81.29637017492033,79.5851767312969,79.87202453613281,2576500,0.0,0
2020-05-22,84.075817127604,86.71678510152498,83.28451230076735,84.05603790283203,5063100,0.0,0
2020-05-26,85.2924307072063,85.84633945245884,84.70884181079464,85.19351196289062,3173400,0.0,0
2020-05-27,85.36167893574394,85.53972213059222,83.45266317015357,85.24298095703125,1917600,0.0,0
2020-05-28,85.925472070122,86.89481238154278,85.12427400454602,85.74742889404297,1908700,0.0,0
2020-05-29,86.22220900199319,87.52785649494275,85.52982303847487,87.1816635131836,2394500,0.0,0
2020-06-01,87.0827484786092,89.00165741654713,86.98383728052225,88.93241882324219,2477600,0.0,0
2020-06-02,89.02144840872329,89.64459583086534,88.14112580039681,89.30829620361328,1682800,0.0,0
2020-06-03,89.6643827496952,90.14905296772076,89.27862374299953,89.50611877441406,1382500,0.0,0
2020-06-04,88.8434003153582,90.74252263230241,88.8434003153582,90.1490478515625,2227500,0.0,0
2020-06-05,91.12828084757435,92.0283901688079,89.11046057294509,89.39730834960938,2844700,0.0,0
2020-06-08,88.3389482227284,89.60502983711069,88.09166642159306,89.30829620361328,1804700,0.0,0
2020-06-09,89.11046571424643,89.52590487302244,88.34884109163342,88.7939453125,1817300,0.0,0
2020-06-10,89.3379683371759,89.59514352199254,88.48731834207915,88.83351135253906,1410300,0.0,0
2020-06-11,87.66634039410724,87.66634039410724,84.09559062385595,84.10548400878906,2491300,0.0,0
2020-06-12,85.8859169964851,86.35080799013146,83.07679181094692,85.17374420166016,1520000,0.0,0
2020-06-15,83.48234017141228,86.33102389245286,82.79983996417094,86.0145034790039,1551400,0.0,0
2020-06-16,87.91361091483817,88.2696972623356,85.56938459799413,86.48927307128906,1049200,0.0,0
2020-06-17,86.89482694647941,87.78504297608872,86.50906792472239,86.96406555175781,900800,0.0,0
2020-06-18,86.47938990271862,87.5377556865629,86.31124009277175,87.25090789794922,1491500,0.0,0
2020-06-19,88.43786557935324,88.8137311944057,86.80580420842584,87.7652587890625,1784700,0.0,0
2020-06-22,87.67622554419279,88.10155049906938,86.81568225043571,87.56742095947266,1245500,0.0,0
2020-06-23,88.22025494286733,88.72470436747729,87.69601874879731,88.30927276611328,1160300,0.0,0
2020-06-24,88.11144770484627,88.11144770484627,85.38145467730959,85.61884307861328,1806600,0.0,0
2020-06-25,85.49027132372004,86.40026661242479,83.87799657005124,86.31124877929688,1350100,0.0,0
2020-06-26,86.28157501475964,86.60798127830718,84.59016074351914,84.96603393554688,2225800,0.0,0
2020-06-29,85.79863439283564,86.59160078940305,85.35259552119649,86.522216796875,1302500,0.18,0
2020-06-30,86.56185919129206,88.09822106790486,86.47264688647765,87.59271240234375,1920200,0.0,0
2020-07-01,88.10813711879223,88.10813711879223,86.5321261353389,87.33499908447266,1137000,0.0,0
2020-07-02,88.04866076303365,88.70285152732046,87.77112482895518,87.89997863769531,1507700,0.0,0
2020-07-06,88.23698685031383,89.84274023649714,88.23698685031383,88.5244369506836,1412200,0.0,0
2020-07-07,88.05858281714615,89.24803246636577,87.89007990791707,88.42533111572266,1441700,0.0,0
2020-07-08,88.73259782831788,89.53547838327579,88.34602879019621,88.75242614746094,1069600,0.0,0
2020-07-09,88.86145991384488,89.60486307950066,87.78104338070203,89.12908172607422,1133800,0.0,0
2020-07-10,89.05969435864237,89.07952267718989,87.7909542139617,88.63347625732422,938100,0.0,0
2020-07-13,89.17863806814618,90.43746400393731,87.87024890022758,88.47488403320312,1646200,0.0,0
2020-07-14,88.04867815667612,89.99143764129634,87.29536078515774,89.89231872558594,1361200,0.0,0
2020-07-15,90.93306952469547,92.2414587422347,90.27887869706974,92.06304168701172,1897100,0.0,0
2020-07-16,92.16217538298726,92.39014812780877,91.25026171683618,92.04322814941406,1226400,0.0,0
2020-07-17,92.58839234014106,93.67871549935953,91.87472407235056,93.53994750976562,3457700,0.0,0
2020-07-20,94.07519424176024,95.37366932368819,93.92651209931869,94.37255096435547,1236800,0.0,0
2020-07-21,94.72938380940904,95.60164077117997,94.32299402529897,95.17542266845703,2169100,0.0,0
2020-07-22,95.5124318590694,96.02785468620966,94.96726655530688,95.50251770019531,1313200,0.0,0
2020-07-23,95.74040764228326,97.22721390492195,95.47278584241488,95.80979919433594,1386300,0.0,0
2020-07-24,95.13578895952088,95.3736758663738,93.04434734928921,93.97607421875,1142800,0.0,0
2020-07-27,94.12474199243127,96.6820504278705,94.06527216537505,96.41442108154297,1177100,0.0,0
2020-07-28,96.12697703729819,96.39459881714768,94.36262738529038,94.46175384521484,1373700,0.0,0
2020-07-29,94.96727158321598,96.80100539534483,94.6798214589487,96.24592590332031,1125300,0.0,0
2020-07-30,95.27455865118237,95.5124455622778,94.13467221032191,95.08622741699219,1663300,0.0,0
2020-07-31,95.09613512244852,95.56200231500979,93.89677892579503,95.48270416259766,1551800,0.0,0
2020-08-03,96.08733892575096,98.48605130869828,96.08733892575096,98.21842193603516,1994300,0.0,0
2020-08-04,97.84176325841744,98.1192992175979,96.03777196145678,96.6721420288086,779200,0.0,0
2020-08-05,97.22721425123922,97.96071078826746,96.84064522655923,97.02897644042969,955900,0.0,0
2020-08-06,96.86047910993076,97.3858161448171,94.96727539009248,96.59284973144531,1075300,0.0,0
2020-08-07,96.21619069376166,96.97941459482018,96.01795288011442,96.9199447631836,897900,0.0,0
2020-08-10,96.97941578526951,97.09836301229068,96.09724464782103,96.28557586669922,900800,0.0,0
2020-08-11,96.36487850823202,96.77126831881978,95.35384593716223,95.45297241210938,1137000,0.0,0
2020-08-12,95.80980140287762,97.41554736367783,95.67102585786103,96.7712631225586,1318100,0.0,0
2020-08-13,96.6919746916433,98.24816501464396,96.32522640779787,97.90123748779297,1190800,0.0,0
2020-08-14,97.58404452822144,97.96070694117014,96.04768264906409,96.5135498046875,957400,0.0,0
2020-08-17,96.81090959683631,97.81202792729933,96.23600936252784,96.6523208618164,1989300,0.0,0
2020-08-18,96.8505549281391,97.84175906114099,96.25583396079546,96.99923706054688,2008700,0.0,0
2020-08-19,94.3923750449697,98.52569455798707,93.69852759882582,97.09835815429688,2830800,0.0,0
2020-08-20,96.53337573296996,97.3065137933972,96.2657539283174,96.9199447631836,1428300,0.0,0
2020-08-21,97.00915331005763,97.45519215460654,96.414424767609,97.43537139892578,1269300,0.0,0
2020-08-24,97.91116038803867,98.33737854320425,96.28558592700912,96.74153900146484,1154500,0.0,0
2020-08-25,97.00915412874895,97.79220632477968,96.70187569594727,97.47501373291016,1061300,0.0,0
2020-08-26,97.31642775503879,98.85279727569082,97.18757393265868,98.45631408691406,1072300,0.0,0
2020-08-27,98.31755068980014,98.78341789116496,96.70188294359549,98.14904022216797,1236900,0.0,0
2020-08-28,98.12922353613955,99.0510438173039,97.67327047566847,99.02130889892578,866000,0.0,0
2020-08-31,99.02129743830606,100.15126957962403,98.87261530133526,99.5367202758789,1076900,0.0,0
2020-09-01,100.03232256166751,100.39907082530537,99.36821758576902,100.2305679321289,1159700,0.0,0
2020-09-02,100.11162545057469,102.74823228540886,99.5763742684139,102.51033782958984,1462500,0.0,0
2020-09-03,102.18323159481157,102.30217881453805,98.16885934820817,98.76358032226562,1992800,0.0,0
2020-09-04,99.18980552846492,99.22945460455384,94.81859887112232,95.98821258544922,1753900,0.0,0
2020-09-08,95.2646385575724,95.62147268313532,93.92651436785546,94.30316925048828,1225600,0.0,0
2020-09-09,95.25471343854592,97.60386990117617,95.01682656963628,97.06861877441406,954400,0.0,0
2020-09-10,98.0102661748406,99.21953647921057,97.3758961073494,97.70299530029297,1933200,0.0,0
2020-09-11,97.84176774947109,98.74376722049813,97.15783441703468,97.73273468017578,1368600,0.0,0
2020-09-14,98.8527954034568,99.34839748946929,98.09947811527728,98.54551696777344,1207700,0.0,0
2020-09-15,98.84287554189989,100.11161559893027,98.84287554189989,99.4871597290039,1053800,0.0,0
2020-09-16,100.33960508858128,100.63696181297234,97.2173103276035,99.04112243652344,1365000,0.0,0
2020-09-17,98.37702562917418,99.5763819107303,97.7129205708585,98.72394561767578,1246400,0.0,0
2020-09-18,98.26798773366596,99.70523085653201,97.59396854807699,98.50587463378906,2162400,0.0,0
2020-09-21,97.3164318278379,97.69308671368094,95.65120841511434,97.2668685913086,927900,0.0,0
2020-09-22,96.97941025901903,98.10938994560978,96.63249031950268,97.75255584716797,845800,0.0,0
2020-09-23,97.73272410930159,98.0400025269383,95.72058096823133,96.0575942993164,1148700,0.0,0
2020-09-24,95.72058740561421,96.11707059026024,94.60052940410532,95.49260711669922,1157600,0.0,0
2020-09-25,95.11594777401247,97.27677308823428,94.92761656865446,96.83073425292969,1028600,0.0,0
2020-09-28,97.77237714165838,98.8527936018646,97.25695430900556,98.63472747802734,1336600,0.0,0
2020-09-29,98.91226761106763,100.43872298014688,98.71402223452546,99.33848571777344,722400,0.0,0
2020-09-30,99.65567894703318,100.99380320892801,99.42769863584766,100.05216217041016,1362200,0.0,0
2020-10-01,100.87485446224855,101.5092321475226,99.6556774543151,100.32969665527344,723600,0.0,0
2020-10-02,99.32857075943713,100.38915893797142,98.93208757182974,99.13033294677734,712200,0.0,0
2020-10-05,100.28220873324163,102.73489893252298,100.25242020060645,102.39728546142578,803900,0.18,0
2020-10-06,102.39727967526225,102.60580696784912,100.76877432522087,100.91771697998047,1078000,0.0,0
2020-10-07,101.75183304465887,104.01585229292027,101.70218044278931,103.15194702148438,1322100,0.0,0
2020-10-08,103.46970566681777,103.65837646589704,102.40720512238839,103.42999267578125,765300,0.0,0
2020-10-09,104.09529360540508,105.35638939028289,103.81725721667128,105.0187759399414,709000,0.0,0
2020-10-12,105.70393373140824,106.2500820433086,104.58185615304961,104.69108581542969,1003700,0.0,0
2020-10-13,104.70101641441383,105.26702121356172,104.22437720548356,104.68115234375,915500,0.0,0
2020-10-14,104.75065601969646,105.92238612277438,104.1846512498322,104.32366943359375,906700,0.0,0
2020-10-15,103.37039749157434,104.97904619768606,103.15193818354307,104.58184814453125,723000,0.0,0
2020-10-16,105.20743540785146,106.78629566745202,104.9691195939974,105.95217895507812,1039400,0.0,0
2020-10-19,106.03161588756134,106.86573256691531,104.50240828868144,104.75065612792969,636000,0.0,0
2020-10-20,105.14785601375694,106.19049998709356,104.82016704203137,104.86981964111328,771000,0.0,0
2020-10-21,105.177648136168,105.94225576298335,103.39026814699855,104.09529113769531,894000,0.0,0
2020-10-22,104.58185584289181,106.339447319382,104.37332855421828,106.02169036865234,1064700,0.0,0
2020-10-23,106.4784640266813,106.62740666597107,104.73079715842897,105.42588806152344,833900,0.0,0
2020-10-26,104.65135060545266,105.07833715975586,103.02284550902239,103.89667510986328,1102000,0.0,0
2020-10-27,104.37333161595778,105.9124713894089,104.37333161595778,105.29681396484375,1111400,0.0,0
2020-10-28,103.6881684224877,104.63151487312408,100.86807625847511,100.94751739501953,1180800,0.0,0
2020-10-29,101.5532329104815,102.3376970701318,100.06374572591288,101.30498504638672,1421900,0.0,0
2020-10-30,101.05674709518158,101.63268401459808,99.94460140353517,101.37450408935547,2310000,0.0,0
2020-11-02,102.7944645000031,104.61164054673254,102.56608072472937,104.50241088867188,1572300,0.0,0
2020-11-03,105.68406816394653,107.35229391099668,105.3960997674764,106.27986145019531,1175000,0.0,0
2020-11-04,107.31257496752741,109.03045333765108,106.48839032822175,107.72962951660156,1357300,0.0,0
2020-11-05,109.79505700108871,111.14552588909807,108.90136324050559,109.56666564941406,1143100,0.0,0
2020-11-06,109.98372777002308,112.55557181713274,109.55674117203338,111.75125122070312,1036600,0.0,0
2020-11-09,115.3458847562348,116.6764895968967,111.60230293260888,111.71153259277344,2177900,0.0,0
2020-11-10,112.02929067557072,112.1186638420325,108.22613175357263,109.42765045166016,2124800,0.0,0
2020-11-11,110.36105928909923,111.00650518913051,108.07717612773406,108.6431884765625,1792800,0.0,0
2020-11-12,108.6332530704823,110.23196971864047,108.1367574052387,108.6729736328125,1094300,0.0,0
2020-11-13,109.68582607308798,110.75825857337335,109.01059163689973,109.39785766601562,1356800,0.0,0
2020-11-16,110.22203358414325,110.70859719672491,108.70275811715804,109.49714660644531,1656100,0.0,0
2020-11-17,109.7255483670693,109.9936527084062,108.48430913214769,109.09003448486328,1571500,0.0,0
2020-11-18,108.78220281350556,109.10988419344415,104.98897625053077,105.20742797851562,2047900,0.0,0
2020-11-19,105.99189123148781,108.19633317103936,104.45275923313318,107.91829681396484,1886400,0.0,0
2020-11-20,107.87858520455947,111.5129373688645,107.56082825925874,110.1128158569336,2775400,0.0,0
2020-11-23,110.61924808238207,111.63209601916014,108.79213989080453,111.42356872558594,3258700,0.0,0
2020-11-24,118.12624518064166,118.12624518064166,110.64902183784781,113.8762435913086,5559900,0.0,0
2020-11-25,115.27636395039251,116.1402691654545,112.61515436452477,113.5485610961914,2862500,0.0,0
2020-11-27,112.97263305615193,114.1741593681379,112.14845591675143,113.29039001464844,983700,0.0,0
2020-11-30,113.09178243953214,116.24949518514545,112.87332313387294,116.0806884765625,3778400,0.0,0
2020-12-01,116.75591739516192,117.55030587955879,114.23371861595913,114.55147552490234,1753700,0.0,0
2020-12-02,114.81958960915168,115.13734654513297,113.33010255125386,113.76702117919922,1735800,0.0,0
2020-12-03,113.34997086460648,114.61106662076456,112.36691149085028,112.78396606445312,1511400,0.0,0
2020-12-04,112.80382443232283,114.43232976422354,112.65487420329903,114.34296417236328,1118100,0.0,0
2020-12-07,114.39260942166935,115.62392424647764,113.32018443763324,113.59822082519531,2076700,0.0,0
2020-12-08,113.53863334463531,116.51760755263983,113.52870888527332,116.18992614746094,1320600,0.0,0
2020-12-09,115.56433392795562,116.14027074583402,113.6776563691284,115.58419799804688,1717600,0.0,0
2020-12-10,116.12041353314608,119.05966708685555,115.52461264886308,117.97730255126953,1630500,0.0,0
2020-12-11,117.83829090517916,118.2255569559025,116.46796546230601,117.64962768554688,1400800,0.0,0
2020-12-14,117.77871061097865,119.39728386634587,115.92181396484375,115.92181396484375,1395200,0.0,0
2020-12-15,116.47788752839341,117.21269900072872,116.0310368786274,116.56725311279297,1973800,0.0,0
2020-12-16,116.75592544384206,116.9148001213047,115.5841953408542,116.41830444335938,1698600,0.0,0
2020-12-17,117.22263444872472,118.55323925023677,116.21971104214194,118.13618469238281,2166700,0.0,0
2020-12-18,118.39436572324195,119.01994756611512,117.60990162292117,118.46387481689453,3911800,0.0,0
2020-12-21,116.87508005217059,117.61982357223775,115.14727720687317,116.95452117919922,2082000,0.0,0
2020-12-22,117.17299094294621,117.59997756891084,116.03104926179212,116.54740905761719,1670400,0.0,0
2020-12-23,117.17298861392571,118.05675037960094,116.39845651150682,116.47789764404297,1202100,0.0,0
2020-12-24,116.21971151890561,117.54039186678388,116.02110869821547,116.4878158569336,733600,0.0,0
2020-12-28,117.67941537725201,117.94751972740931,115.85230722385721,117.00418090820312,1003100,0.0,0
2020-12-29,117.72906676291522,118.28514714012398,116.0111957549781,116.40839385986328,1007400,0.0,0
2020-12-30,117.03396025600686,118.0666721615195,116.50767605652659,116.56725311279297,1127000,0.0,0
2020-12-31,116.7658521457837,117.76877555575757,115.782792805826,117.6595458984375,1307200,0.0,0
2021-01-04,118.30009035279933,119.4438971382943,116.4799341604686,118.00170135498047,2030700,0.194,0
2021-01-05,117.8425663408575,119.67266327174286,117.43476854896716,118.96648406982422,2344000,0.0,0
2021-01-06,118.05142824347516,123.2134999220622,117.57400739351228,122.22882843017578,2428500,0.0,0
2021-01-07,123.66109075758985,126.79414487840916,123.44227317117078,125.48124694824219,1775900,0.0,0
2021-01-08,125.80946316614049,126.95327751553188,125.17290706685866,126.37639617919922,1577200,0.0,0
2021-01-11,125.76968988851162,128.6441409425741,125.55087987329536,127.46054077148438,1746800,0.0,0
2021-01-12,127.63957177440435,127.6992465392851,125.52102656096707,126.2868881225586,1826400,0.0,0
2021-01-13,126.77424249207216,127.36107213711493,126.05811500106604,126.29682922363281,1530400,0.0,0
2021-01-14,126.5852628085294,127.50031882204398,125.14306708600124,125.35193634033203,924900,0.0,0
2021-01-15,125.26243892358102,126.43609076804289,124.0688904306455,125.5309829711914,2115400,0.0,0
2021-01-19,126.69467808062387,127.11242419901009,125.61054604956901,126.66484069824219,1677200,0.0,0
2021-01-20,127.02290400919347,128.2263931538181,126.67478856873966,127.4207534790039,1843000,0.0,0
2021-01-21,127.08258066496602,128.08714888380896,125.73984532417751,126.31672668457031,1612100,0.0,0
2021-01-22,126.3962944899188,127.11242200812643,125.62049220797634,125.65032958984375,1438700,0.0,0
2021-01-25,126.0083902213618,126.7941408072065,123.76054725352421,124.80490112304688,1365400,0.0,0
2021-01-26,124.8247971579643,125.2723730765781,123.2035694565624,123.2532958984375,1476600,0.0,0
2021-01-27,121.42320267579841,122.33825118868918,117.47456034606034,118.16085052490234,1923500,0.0,0
2021-01-28,118.35976612729516,122.01001927825287,118.14094853880657,120.90599060058594,1677900,0.0,0
2021-01-29,120.5578735935067,121.03529447022274,118.63825693989502,119.52346801757812,1822000,0.0,0
2021-02-01,120.04067783267712,121.43313961821056,119.53341956031989,120.17992401123047,1292700,0.0,0
2021-02-02,121.84093914197028,125.17291432736685,121.76136772785779,122.52722930908203,1489200,0.0,0
2021-02-03,122.83555606980318,123.92963642805904,121.24416576794486,121.4928207397461,1448400,0.0,0
2021-02-04,121.85088411767512,123.67103273831223,120.94577638079788,123.4024887084961,1251200,0.0,0
2021-02-05,123.8401268775392,125.28232270889006,122.44765748858285,122.51728057861328,1919700,0.0,0
2021-02-08,123.25329100831588,125.06349884672618,121.91055571740036,122.74604034423828,2065300,0.0,0
2021-02-09,122.746041217485,122.82560503956397,121.70168732359463,122.57695007324219,1988300,0.0,0
2021-02-10,123.91968190247717,125.0634962331863,123.21350272850648,124.40705108642578,1112600,0.0,0
2021-02-11,125.02372376887652,126.57533603964984,124.4369016450585,126.27694702148438,1122200,0.0,0
2021-02-12,126.24710419963392,127.90812519963471,125.64038545361849,127.29145812988281,1278000,0.0,0
2021-02-16,128.61428788596936,130.37476923587067,127.16214384367649,127.26160430908203,2132500,0.0,0
2021-02-17,132.08552637007648,136.24303028661214,128.8927897984713,129.41993713378906,4214700,0.0,0
2021-02-18,128.30596280084586,129.68848380845384,126.89360441137325,126.9930648803711,1941400,0.0,0
2021-02-19,127.71913919299705,128.2064932087482,125.80946330470108,126.18742370605469,1263900,0.0,0
2021-02-22,125.27237171780219,125.48124857179383,122.42775823424385,122.83555603027344,1340100,0.0,0
2021-02-23,122.84549975047611,122.84549975047611,119.76217973434431,121.76136016845703,2125400,0.0,0
2021-02-24,121.60223602030382,124.73529034977639,121.35358103524008,124.34738159179688,1898400,0.0,0
2021-02-25,124.1385036562804,124.57613882773884,121.27400115995063,121.44308471679688,1430900,0.0,0
2021-02-26,122.26862752564118,122.84550890259851,120.00089531370992,121.41325378417969,1909700,0.0,0
2021-03-01,122.38798072671544,124.47668098191785,122.21888957795785,123.81028747558594,1404400,0.0,0
2021-03-02,123.89979689242294,125.21269481718369,122.5073275568652,122.97480010986328,1267300,0.0,0
2021-03-03,122.11942250631013,122.11942250631013,118.608415691995,118.65814971923828,1612400,0.0,0
2021-03-04,118.05143600008917,118.19068217623862,112.73021357075228,114.371337890625,2725000,0.0,0
2021-03-05,115.25654868462546,115.56488600675812,111.86489884794594,115.51515197753906,2441500,0.0,0
2021-03-08,115.68423317121405,118.31997731065839,114.64982760904789,115.45547485351562,2766600,0.0,0
2021-03-09,117.23584902865835,120.7369076984808,116.90762264413975,119.19524383544922,2291100,0.0,0
2021-03-10,119.94121472022788,121.55250175211994,119.04606284641353,119.34444427490234,1934600,0.0,0
2021-03-11,120.76674748314583,122.25867734607223,120.24954846953767,121.17454528808594,1818700,0.0,0
2021-03-12,119.92131435596042,121.37345841842719,118.63825384586677,120.78663635253906,1368700,0.0,0
2021-03-15,120.26943340616627,123.6113567916327,119.69255205773932,123.37265014648438,1230000,0.0,0
2021-03-16,124.07881857709187,124.63580323020905,121.79119002890897,122.3382339477539,1345500,0.0,0
2021-03-17,121.68179270269465,122.44765426119106,120.84631564435038,121.86082458496094,1453000,0.0,0
2021-03-18,122.93501866764655,123.27319338108738,121.47292619402536,121.93045043945312,2067500,0.0,0
2021-03-19,122.20895437752576,122.83556220596144,120.85627065628701,122.02992248535156,2597000,0.0,0
2021-03-22,121.51270652064241,123.16377913126935,121.06513061881321,122.94496154785156,1772900,0.0,0
2021-03-23,122.48743385120267,123.56162509116534,120.81647222959866,121.32373046875,1338300,0.0,0
2021-03-24,121.4629772487173,122.29845426954525,120.09039701686117,120.18985748291016,1477500,0.0,0
2021-03-25,120.2097579391255,121.67185036026196,119.23502712891874,121.2441635131836,967300,0.0,0
2021-03-26,121.88072251506266,125.03366575250247,121.37346424524394,124.96404266357422,1441900,0.0,0
2021-03-29,124.20812835119544,125.1430734701939,123.07426229078548,124.74522399902344,1539700,0.0,0
2021-03-30,123.93958426664476,125.02371629704864,123.74066332532124,124.16834259033203,1033700,0.0,0
2021-03-31,125.2723706802986,127.78875775914086,125.2723706802986,126.45597076416016,1815500,0.0,0
2021-04-01,127.31135099014233,127.60974000436461,126.32667938456534,127.00302124023438,1126400,0.0,0
2021-04-05,128.50119640643783,130.10497163624612,128.50119640643783,129.49732971191406,1096300,0.194,0
2021-04-06,130.0651412370762,131.35014659469346,129.36783571920856,130.53330993652344,1623200,0.0,0
2021-04-07,129.74635919667088,130.06512914088316,128.03300874599861,128.83987426757812,954600,0.0,0
2021-04-08,129.756316647424,131.22063379704312,129.36782527302225,130.18466186523438,925100,0.0,0
2021-04-09,130.9516911721097,131.4099039812594,130.22450291445227,131.3999481201172,1552200,0.0,0
2021-04-12,130.9317614888713,131.6688903923379,130.334075437607,130.76242065429688,1166300,0.0,0
2021-04-13,131.09114335944167,132.75468408301134,130.9616411714494,132.45584106445312,1593700,0.0,0
2021-04-14,132.5853523238853,132.71483932094972,130.4536276053397,131.459716796875,1499300,0.0,0
2021-04-15,131.48959899654687,133.42210008043193,131.48959899654687,132.7646484375,2121300,0.0,0
2021-04-16,133.5316666765221,134.119381652561,132.6451086822268,134.0596160888672,4495400,0.0,0
2021-04-19,133.8603973314166,134.12934237779274,132.5554651441506,132.98379516601562,1071600,0.0,0
2021-04-20,132.48573552117125,133.03361190350975,131.31030546432558,131.9478302001953,1261200,0.0,0
2021-04-21,132.36619170707743,133.43204638538379,131.5095165003118,133.31251525878906,1173900,0.0,0
2021-04-22,133.51174475222814,134.9362232726555,133.31252113253012,134.0098114013672,1732700,0.0,0
2021-04-23,134.04966263122748,136.5897903324741,133.9799260058097,136.1514892578125,1495200,0.0,0
2021-04-26,136.67945770812577,137.29705549438336,136.15149307173925,136.80894470214844,1287400,0.0,0
2021-04-27,136.4005274593825,136.90856517764485,135.70323717918606,135.9522705078125,1752900,0.0,0
2021-04-28,135.4741196567497,135.98214213353924,134.18911447438234,134.2787628173828,1603900,0.0,0
2021-04-29,134.88640900352823,134.88640900352823,133.0236294629248,133.6312713623047,2135900,0.0,0
2021-04-30,133.38224969753549,134.13932077260608,132.6351496838455,133.12326049804688,1514200,0.0,0
2021-05-03,133.77072522987342,133.79065215048243,132.09722869360291,132.67498779296875,1032000,0.0,0
2021-05-04,131.60912846245367,131.99761984657,129.84598344211926,130.3938446044922,1752400,0.0,0
2021-05-05,131.57924441075116,133.57151101774187,130.7424960837642,132.8542938232422,1430600,0.0,0
2021-05-06,131.79839791326975,132.0872850896521,130.26435927934406,131.88804626464844,1150400,0.0,0
2021-05-07,132.67500176645956,134.2987039718982,132.67500176645956,133.3822479248047,1044200,0.0,0
2021-05-10,133.2427989517478,133.41213980684023,131.2505321391929,131.360107421875,1034300,0.0,0
2021-05-11,129.7662875169837,131.33020887324486,128.8000370128821,130.91183471679688,1336600,0.0,0
2021-05-12,129.83601703681975,130.66280954031225,127.97325253846488,128.14259338378906,1256400,0.0,0
2021-05-13,129.10883938390387,130.25438661463053,128.76018664422804,129.5172576904297,805900,0.0,0
2021-05-14,129.96551991594117,131.18080382383775,129.94559299291979,130.64288330078125,775100,0.0,0
2021-05-17,130.33409146692767,130.5432861705346,129.40769469330024,129.60691833496094,886700,0.0,0
2021-05-18,129.44750830784116,129.44750830784116,128.1824148682787,128.2521514892578,1777600,0.0,0
2021-05-19,127.10659655538203,129.77623387224583,126.63841272893342,129.70651245117188,1119400,0.0,0
2021-05-20,130.10496899695198,132.27653226293992,130.10496899695198,131.63900756835938,1035100,0.0,0
2021-05-21,132.15701664331166,133.61137809840255,131.70875965228834,131.7884521484375,1445900,0.0,0
2021-05-24,132.99374268137868,133.89027171240332,132.01753636739738,132.82440185546875,1312300,0.0,0
2021-05-25,132.89414037989712,134.27876498783704,132.49567796047623,132.71482849121094,1890600,0.0,0
2021-05-26,135.77296804525267,137.4663915680905,132.73475852498592,132.77459716796875,2498400,0.0,0
2021-05-27,132.8044950308996,137.60584949486721,132.64511005953628,137.00816345214844,3699600,0.0,0
2021-05-28,138.06408536949849,138.6717273076967,137.46639929265856,137.5959014892578,1264400,0.0,0
2021-06-01,138.63187857380817,139.77744106335493,135.04580757992122,136.66949462890625,2015800,0.0,0
2021-06-02,136.58979230379012,137.68554500625842,135.3545967480489,136.04193115234375,1395700,0.0,0
2021-06-03,135.47411745855277,136.38060233361392,135.21512829415812,135.84268188476562,1228700,0.0,0
2021-06-04,137.16755189334526,137.874813221794,136.8587530033845,137.3667755126953,1069700,0.0,0
2021-06-07,137.55605318924108,138.0441640116628,136.83883594803692,137.1177520751953,936000,0.0,0
2021-06-08,138.0640718131284,138.38282654296674,137.03805580180105,138.21348571777344,1143900,0.0,0
2021-06-09,138.5920319754227,139.8272275492061,138.33302758753547,139.58816528320312,961400,0.0,0
2021-06-10,139.777425294571,142.79570783383303,139.46861121845737,142.50682067871094,1462400,0.0,0
2021-06-11,142.80568051340046,143.0447579940947,141.3513191054745,142.9750213623047,995100,0.0,0
2021-06-14,142.9451374722953,143.8715342032206,142.20799331236086,143.83169555664062,934200,0.0,0
2021-06-15,144.28992789840217,144.59872681792868,143.48304708313026,144.06080627441406,1035800,0.0,0
2021-06-16,144.10064469138288,144.51901884721093,142.3673673031343,143.03477478027344,1680800,0.0,0
2021-06-17,142.9351683734157,147.10895400657864,142.9351683734157,146.35189819335938,2822400,0.0,0
2021-06-18,145.74425607409108,146.2622496296225,144.37955836025463,144.44927978515625,3220700,0.0,0
2021-06-21,144.8577098413021,146.1228034509419,143.17424204890187,145.84388732910156,1266100,0.0,0
2021-06-22,145.80402966569787,147.10896188723873,145.2661243590293,146.0630340576172,1366200,0.0,0
2021-06-23,146.15267599434765,147.4874909410211,145.8637888313916,146.67066955566406,1455700,0.0,0
2021-06-24,147.3480414274677,147.75645974370448,146.0032705420038,146.10287475585938,1426800,0.0,0
2021-06-25,146.44155000871478,147.18864997885615,145.64465553372762,146.71051025390625,8445100,0.0,0
2021-06-28,147.0591738586657,147.46757698736423,145.86380165823522,147.35800170898438,1645000,0.0,0
2021-06-29,146.99939310322435,148.26447140499178,146.9595392607729,148.23458862304688,816700,0.0,0
2021-06-30,148.1050954843994,148.2047148968277,146.09291711148478,147.23846435546875,1259300,0.0,0
2021-07-01,147.19863991116623,147.79631084403064,146.44156878316562,147.2185516357422,1426500,0.0,0
2021-07-02,147.73123162860927,148.50923567870367,146.8734303400735,148.43942260742188,1400700,0.194,0
2021-07-06,148.84835968138648,148.84835968138648,148.10027770753948,148.5989990234375,1973300,0.0,0
2021-07-07,149.20744692818502,149.2373689910196,147.71128290738554,149.1077117919922,2286300,0.0,0
2021-07-08,147.6913356864559,148.5790590072868,146.90334749552034,148.4493865966797,1891700,0.0,0
2021-07-09,149.10770420493643,149.84580201032298,148.53915460047378,149.6463165283203,1596800,0.0,0
2021-07-12,150.2647237419096,150.6138347447875,148.7885129344224,149.1276397705078,1480500,0.0,0
2021-07-13,148.728665420319,149.15755842915596,147.81102006255435,148.8882598876953,1456500,0.0,0
2021-07-14,149.47675866598132,149.48672761353382,148.08034502026973,148.24990844726562,1218500,0.0,0
2021-07-15,147.96063102721646,148.92815156284792,147.46190972925245,148.5790557861328,1733600,0.0,0
2021-07-16,148.94811951074908,149.43687191054678,147.89083268892776,148.54913330078125,2169800,0.0,0
2021-07-19,147.28238818228846,147.59159297456816,146.57419719048062,147.2025909423828,1835100,0.0,0
2021-07-20,148.07035007998485,150.86319238798,147.45194054184358,148.91818237304688,2246000,0.0,0
2021-07-21,149.10770408078804,149.52662815857485,147.222538120864,148.56907653808594,2255700,0.0,0
2021-07-22,149.32714664131308,150.11511964240626,148.289797756595,149.91563415527344,1972800,0.0,0
2021-07-23,150.2048838874441,152.02023680235612,150.04528941189358,151.9204864501953,2132000,0.0,0
2021-07-26,151.34196398515385,151.7808411717074,149.38698497929994,149.86575317382812,1767700,0.0,0
2021-07-27,148.90819730054608,149.6163882348883,148.47930429309378,149.56651306152344,2085700,0.0,0
2021-07-28,149.61638946601593,151.58135259858423,149.11766816779587,151.07266235351562,2179700,0.0,0
2021-07-29,151.6013178189462,153.06755977038873,151.03276818808314,152.27957153320312,1527300,0.0,0
2021-07-30,152.12995899900406,153.207198899835,151.63123766823608,152.838134765625,2310100,0.0,0
2021-08-02,153.6560325581003,153.90539320320602,152.12994662763455,152.6785430908203,1438300,0.0,0
2021-08-03,153.31691191161107,153.5762415138553,152.36932924621246,153.46652221679688,1859700,0.0,0
2021-08-04,153.56626825391643,154.314350198369,153.09746901781156,153.87547302246094,1786700,0.0,0
2021-08-05,154.06500554077363,154.76321238411032,152.94785937166716,154.6435089111328,1667600,0.0,0
2021-08-06,154.36422031372592,155.49133538788905,154.07496863952707,155.30181884765625,1209300,0.0,0
2021-08-09,155.68084860634727,156.39900852255485,154.61357767928968,156.13966369628906,982900,0.0,0
2021-08-10,156.51869141221624,157.19696029642995,155.5012956957788,156.11972045898438,1575900,0.0,0
2021-08-11,156.28928387509623,156.5885196999033,155.45143574144953,156.11972045898438,1402500,0.0,0
2021-08-12,156.1097391438371,158.11460855282922,155.72073713041223,157.74554443359375,1376100,0.0,0
2021-08-13,157.99490522127797,158.86269065177348,156.9874936522735,158.82278442382812,1733200,0.0,0
2021-08-16,158.98237869924913,162.1043789722607,158.09465537564657,161.65553283691406,2154300,0.0,0
2021-08-17,161.31638438211843,161.42610367483167,158.88262204903643,160.4984893798828,2614200,0.0,0
2021-08-18,162.78263600763174,164.9371157654703,161.6754740670564,162.6031036376953,2860900,0.0,0
2021-08-19,161.32636848067895,168.64759337023432,161.19669607486352,167.24119567871094,2179600,0.0,0
2021-08-20,167.40080687653833,170.30336872922283,166.62280280341406,167.70004272460938,2023300,0.0,0
2021-08-23,168.99669697917997,170.13379618488253,167.70003373995425,169.56524658203125,2061400,0.0,0
2021-08-24,169.79466224488337,170.7721670242772,168.7872506225987,170.13380432128906,1238600,0.0,0
2021-08-25,169.63507607701644,173.09618801495688,169.63507607701644,172.8568115234375,1411800,0.0,0
2021-08-26,172.9465868942441,174.02382682260176,171.65989252468128,173.1460723876953,1273400,0.0,0
2021-08-27,173.58494763944478,174.6522186079626,172.54761395338483,173.36550903320312,1185800,0.0,0
2021-08-30,173.4153749395404,176.6670324094538,173.4153749395404,176.2780303955078,1221400,0.0,0
2021-08-31,176.64710721366777,176.73687340339285,174.38290803651748,175.02127075195312,1733200,0.0,0
2021-09-01,174.5923418879753,175.29056386731443,173.93404135452957,175.0012969970703,1429000,0.0,0
2021-09-02,175.99875079163658,177.88391677252721,175.25066881160433,177.5647430419922,1194000,0.0,0
2021-09-03,177.21563466123305,179.11078483731265,176.57727197091828,178.82151794433594,971800,0.0,0
2021-09-07,178.82151097545488,178.9112771581492,176.3378733825468,177.2655029296875,1252000,0.0,0
2021-09-08,176.96627127855385,178.72176484500577,176.11845416681578,178.27291870117188,1174600,0.0,0
2021-09-09,178.61205461780827,178.90130627661773,176.56729423320468,176.77674865722656,1010000,0.0,0
2021-09-10,177.2655010128881,178.85143110240472,176.71690453607744,176.77674865722656,1086300,0.0,0
2021-09-13,177.20567034024893,177.54479719900846,169.78469435923995,171.6399383544922,2274300,0.0,0
2021-09-14,172.1087220897488,173.53505768913206,171.32073391993288,171.9790496826172,1337400,0.0,0
2021-09-15,171.62994808252415,174.6821198716758,170.95167922950958,173.3455352783203,1535300,0.0,0
2021-09-16,173.4851846313763,173.4851846313763,170.66243545832825,172.83685302734375,1142000,0.0,0
2021-09-17,173.47520985094394,176.9064147249862,172.35807904349417,173.4951629638672,2405700,0.0,0
2021-09-20,170.06396156965155,172.13864398291426,168.67751697854885,170.9018096923828,1599400,0.0,0
2021-09-21,171.85937294960598,173.15605144844824,170.75221099087173,171.00157165527344,1059800,0.0,0
2021-09-22,171.73966335633148,172.87676255642617,170.4729221845802,171.99900817871094,981000,0.0,0
2021-09-23,173.05629964880143,173.90413198858997,172.0488880521522,172.3281707763672,1654600,0.0,0
2021-09-24,171.6499016595628,172.63737536030237,170.76217831154045,171.9591064453125,1041900,0.0,0
2021-09-27,170.622522174426,170.71228835223798,163.83990971070668,165.95449829101562,1419700,0.0,0
2021-09-28,163.7701110989298,163.90975246110523,158.38391165837635,159.49107360839844,2541000,0.0,0
2021-09-29,160.97726495517418,161.3961890321225,159.42125689228996,159.5908203125,1268200,0.0,0
2021-09-30,160.81767091620364,162.06447420326046,157.05732316067224,157.12713623046875,1542800,0.0,0
2021-10-01,156.74810158363786,157.0972125884076,152.65859597510112,155.59107971191406,1881900,0.0,0
2021-10-04,155.0358083014435,156.0944115768819,151.06103248026395,152.1595916748047,1758300,0.194,0
2021-10-05,153.27810986128418,155.57508751480498,152.13961001405636,152.82870483398438,1494300,0.0,0
2021-10-06,152.3493472574377,154.05708948480796,151.4205626036088,153.44789123535156,1794700,0.0,0
2021-10-07,154.85603963527123,157.27285466344037,154.75618031334463,155.11570739746094,1002800,0.0,0
2021-10-08,155.97456659922074,156.7135987511617,151.89994649944367,152.2694549560547,904100,0.0,0
2021-10-11,151.2907452879935,152.15959606958617,149.68286236884472,149.8226776123047,1106300,0.0,0
2021-10-12,150.9811334054879,150.9811334054879,146.10756282646173,147.75538635253906,1809900,0.0,0
2021-10-13,148.8839152255217,150.68155071299165,148.54436608864376,150.0224151611328,1509100,0.0,0
2021-10-14,151.42055692785738,153.2781109271693,151.42055692785738,152.3892822265625,1434100,0.0,0
2021-10-15,152.93857126659333,153.6875847765,152.34935096275927,153.0684051513672,1397800,0.0,0
2021-10-18,153.4279195653846,155.21555828958338,152.1895451787475,154.57640075683594,1183600,0.0,0
2021-10-19,155.75486282020037,157.25288977693765,155.3453984613998,155.41529846191406,1025500,0.0,0
2021-10-20,156.72357018164934,157.91200731824807,156.10439059332447,157.38270568847656,1053000,0.0,0
2021-10-21,157.50255770637568,157.81214749955748,154.3267326990881,156.7335662841797,1405100,0.0,0
2021-10-22,156.7435444753137,158.50123911908105,156.69360719771257,157.76220703125,772200,0.0,0
2021-10-25,157.69230542704742,158.31150029313798,156.5438241365254,158.13172912597656,1088100,0.0,0
2021-10-26,159.4200419859497,159.70965384109482,156.8334370566954,157.98193359375,1016400,0.0,0
2021-10-27,158.09178069673231,158.29151457589833,154.6263437957524,155.05577087402344,1472600,0.0,0
2021-10-28,155.77482658698787,157.5824433553927,153.9871877783148,155.55511474609375,1752600,0.0,0
2021-10-29,154.92595577194393,157.36274877408624,154.23686092017368,157.28285217285156,1999800,0.0,0
2021-11-01,157.17299521631136,157.7921748234057,155.5950716394311,156.85340881347656,1329100,0.0,0
2021-11-02,157.34277131483833,157.79217636433484,155.23554607156336,157.6423797607422,1714200,0.0,0
2021-11-03,157.82213827536586,158.0817908054276,154.3666978268878,157.99191284179688,1256500,0.0,0
2021-11-04,157.65235743196504,158.72094206959508,156.15433047622184,157.442626953125,1015800,0.0,0
2021-11-05,156.36406261010936,156.60373717278546,152.22949353932592,156.2042694091797,1775500,0.0,0
2021-11-08,156.79348223878497,160.93801723432313,156.34407721641736,160.72830200195312,1467000,0.0,0
2021-11-09,160.72831101844488,162.01660751999827,159.31018063518633,159.59979248046875,1021000,0.0,0
2021-11-10,159.0005956015657,159.7695718380941,155.8547296966732,159.07049560546875,1093200,0.0,0
2021-11-11,160.0691766157111,160.82817147388553,157.72226156145274,158.5811309814453,935500,0.0,0
2021-11-12,159.51989947228276,160.8481519236864,157.50256739305516,160.66839599609375,1444800,0.0,0
2021-11-15,161.0379009687368,162.1164822271271,157.29283350434756,157.5724639892578,1121300,0.0,0
2021-11-16,156.84343128326367,162.78560205278413,156.75355331979085,161.17771911621094,1276300,0.0,0
2021-11-17,161.70701969886684,161.70701969886684,159.68967240160578,161.3275146484375,872400,0.0,0
2021-11-18,162.31620948147633,162.60583655390914,160.18900637219284,161.9467010498047,1475800,0.0,0
2021-11-19,162.79558107611132,164.85288427794663,162.45603194872126,164.08389282226562,1647600,0.0,0
2021-11-22,164.78296861158893,165.46206686461542,162.56588745117188,162.56588745117188,2110400,0.0,0
2021-11-23,155.68494126942954,159.1104373624311,151.57036560478772,154.57640075683594,3140600,0.0,0
2021-11-24,153.55775303118256,154.46655975982387,150.89126672741006,152.768798828125,2291400,0.0,0
2021-11-26,153.08836109427486,158.88073502880826,151.37063754057172,151.86997985839844,1632200,0.0,0
2021-11-29,152.85867359181057,155.17562934746192,151.36064658250044,153.21820068359375,1734600,0.0,0
2021-11-30,153.14829715149065,155.50519353470855,149.50308903627126,150.70150756835938,3900500,0.0,0
2021-12-01,150.9212212091064,152.6489566458323,147.89520790306457,148.0150604248047,1800900,0.0,0
2021-12-02,147.71544661944773,152.26944607367005,147.53567546271893,150.79139709472656,1514100,0.0,0
2021-12-03,151.6203056176229,152.798746149156,147.5256925991845,149.13357543945312,1412600,0.0,0
2021-12-06,149.1435640020937,151.84000954602232,147.58561836510026,151.27076721191406,1803400,0.0,0
2021-12-07,152.63895805852562,156.03449500752598,152.409264856153,153.5977020263672,1422700,0.0,0
2021-12-08,154.55643632566245,156.18429723819176,153.7475041692116,156.10440063476562,1491500,0.0,0
2021-12-09,156.2941448135168,157.7921717606112,154.30675691109968,154.40663146972656,1272300,0.0,0
2021-12-10,154.32673843280955,156.13435521916614,153.87733338605148,156.05445861816406,1463400,0.0,0
2021-12-13,157.13303351356467,157.6922944592244,154.93593041045096,156.08441162109375,1413800,0.0,0
2021-12-14,154.68625671041008,155.53514471384446,149.9025641930131,151.6802215576172,1869100,0.0,0
2021-12-15,152.55906089884277,154.38665562801364,150.42187636788722,154.10702514648438,2054900,0.0,0
2021-12-16,154.0970504620014,155.6949368201492,150.26210491598385,150.60165405273438,2085600,0.0,0
2021-12-17,150.1522405628772,152.38928438646576,147.84526626172428,151.2208251953125,2628700,0.0,0
2021-12-20,150.56168656183027,151.97981688168394,148.34460550493736,150.22213745117188,2027200,0.0,0
2021-12-21,150.80137886086942,153.85735138502062,150.41189246541325,153.7574920654297,1496600,0.0,0
2021-12-22,154.24683921114112,156.95328128374967,154.04710533138862,156.5737762451172,1907900,0.0,0
2021-12-23,157.08309882979475,158.65104101429924,156.4439412758093,157.59243774414062,1411000,0.0,0
2021-12-27,158.61110082296702,159.62974817736213,156.9832399938089,158.5312042236328,951800,0.0,0
2021-12-28,159.4699538856431,159.57980980413484,157.9120083061003,158.97061157226562,764300,0.0,0
2021-12-29,159.61976147872642,161.17770701684472,158.97060734536535,160.4386749267578,833100,0.0,0
2021-12-30,160.89808920536842,162.4060975843647,160.3887655051371,160.66839599609375,771000,0.0,0
2021-12-31,160.13909390564046,161.23763790610215,159.31018379584404,159.44000244140625,1315500,0.0,0
2022-01-03,159.0,159.44000244140625,153.92999267578125,156.47999572753906,1606300,0.21,0
2022-01-04,155.49000549316406,155.6300048828125,149.6999969482422,151.19000244140625,2234000,0.0,0
2022-01-05,150.8300018310547,153.10000610351562,148.52999877929688,148.60000610351562,2370500,0.0,0
2022-01-06,148.85000610351562,149.9600067138672,145.5800018310547,149.1199951171875,2298300,0.0,0
2022-01-07,149.1199951171875,149.72999572753906,145.08999633789062,145.14999389648438,2058600,0.0,0
2022-01-10,143.2899932861328,145.30999755859375,140.86000061035156,145.16000366210938,2548100,0.0,0
2022-01-11,145.0,146.94000244140625,143.80999755859375,146.63999938964844,2194200,0.0,0
2022-01-12,147.8000030517578,150.38999938964844,147.5500030517578,149.50999450683594,2250800,0.0,0
2022-01-13,149.4600067138672,149.5399932861328,144.85000610351562,145.1699981689453,1741800,0.0,0
2022-01-14,144.0399932861328,145.14999389648438,142.36000061035156,144.67999267578125,2225400,0.0,0
2022-01-18,142.4199981689453,143.24000549316406,140.33999633789062,140.47000122070312,1907400,0.0,0
2022-01-19,140.6699981689453,143.60000610351562,140.25999450683594,140.42999267578125,1472100,0.0,0
2022-01-20,141.3800048828125,143.13999938964844,139.0500030517578,139.47999572753906,1861200,0.0,0
2022-01-21,139.5399932861328,140.49000549316406,137.49000549316406,137.50999450683594,1878600,0.0,0
2022-01-24,136.3800048828125,138.49000549316406,131.27999877929688,138.1199951171875,2155300,0.0,0
2022-01-25,135.36000061035156,136.6199951171875,132.64999389648438,134.57000732421875,1705300,0.0,0
2022-01-26,135.5399932861328,138.0500030517578,132.27000427246094,133.50999450683594,1999500,0.0,0
2022-01-27,135.27999877929688,136.36000061035156,131.67999267578125,132.08999633789062,1715800,0.0,0
2022-01-28,133.0,137.39999389648438,131.22000122070312,137.05999755859375,2174800,0.0,0
2022-01-31,137.32000732421875,139.47000122070312,136.97000122070312,139.32000732421875,1703000,0.0,0
2022-02-01,140.52999877929688,141.27000427246094,138.4499969482422,141.02999877929688,1655900,0.0,0
2022-02-02,140.99000549316406,144.75999450683594,140.77999877929688,144.24000549316406,1475700,0.0,0
2022-02-03,142.0,143.77999877929688,141.00999450683594,141.7899932861328,914300,0.0,0
2022-02-04,141.47999572753906,142.35000610351562,139.6699981689453,141.1199951171875,1087400,0.0,0
2022-02-07,141.5,142.49000549316406,139.80999755859375,140.3699951171875,1444100,0.0,0
2022-02-08,139.11000061035156,141.41000366210938,138.2899932861328,140.80999755859375,1515400,0.0,0
2022-02-09,142.72999572753906,145.10000610351562,142.14999389648438,144.44000244140625,1216900,0.0,0
2022-02-10,141.55999755859375,144.0399932861328,140.5800018310547,141.66000366210938,1063700,0.0,0
2022-02-11,141.1199951171875,142.50999450683594,136.24000549316406,137.1999969482422,1321900,0.0,0
2022-02-14,136.9600067138672,137.69000244140625,134.10000610351562,135.2100067138672,2205300,0.0,0
2022-02-15,137.25,138.05999755859375,134.72999572753906,135.91000366210938,2368200,0.0,0
2022-02-16,135.5500030517578,135.60000610351562,132.11000061035156,135.14999389648438,3187500,0.0,0
2022-02-17,134.63999938964844,134.63999938964844,129.7100067138672,130.25,2577800,0.0,0
2022-02-18,130.5,133.42999267578125,130.0,132.0500030517578,3614100,0.0,0
